episode_id,season,episode_num,character,degree_centrality,betweenness_centrality,eigenvector_centrality,pagerank,weighted_degree
S01E01,1,1,Harvey Specter,1.0,0.0,0.480657,0.174024,96.926
S01E01,1,1,Louis Litt,1.0,0.0,0.391227,0.135089,73.507
S01E01,1,1,Mike Ross,1.0,0.0,0.391227,0.135089,73.507
S01E01,1,1,Trevor Evans,1.0,0.0,0.379347,0.130744,70.867
S01E01,1,1,Jessica Pearson,1.0,0.0,0.366365,0.12613,68.057
S01E01,1,1,Donna Paulsen,1.0,0.0,0.318879,0.110186,58.307
S01E01,1,1,Rachel Zane,1.0,0.0,0.220612,0.080111,39.754
S01E01,1,1,Daniel Hardman,1.0,0.375,0.131094,0.054314,23.684
S01E01,1,1,Thomas Kessler,1.0,0.375,0.131094,0.054314,23.684
S01E02,1,2,Harvey Specter,1.0,0.0,0.546968,0.242656,72.524
S01E02,1,2,Louis Litt,1.0,0.0,0.517181,0.222369,66.056
S01E02,1,2,Mike Ross,1.0,0.0,0.491092,0.207705,61.327
S01E02,1,2,Donna Paulsen,1.0,0.0,0.290492,0.124875,33.994
S01E02,1,2,Jessica Pearson,1.0,0.0,0.290492,0.124875,33.994
S01E02,1,2,Daniel Hardman,1.0,0.95,0.152994,0.077521,17.997
S01E03,1,3,Harvey Specter,1.0,0.0,0.4695,0.184804,59.559
S01E03,1,3,Louis Litt,1.0,0.0,0.46087,0.180475,58.031
S01E03,1,3,Trevor Evans,1.0,0.0,0.416267,0.160338,50.877
S01E03,1,3,Mike Ross,1.0,0.0,0.385565,0.147971,46.45
S01E03,1,3,Robert Zane,1.0,0.0,0.367195,0.140969,43.934
S01E03,1,3,Jenny Griffith,1.0,0.0,0.293519,0.114902,34.502
S01E03,1,3,Daniel Hardman,1.0,1.0,0.155705,0.070541,18.251
S01E04,1,4,Harvey Specter,1.0,0.0,0.544097,0.240289,30.594
S01E04,1,4,Jessica Pearson,1.0,0.0,0.467243,0.193057,24.119
S01E04,1,4,Louis Litt,1.0,0.0,0.442343,0.181407,22.495
S01E04,1,4,Mike Ross,1.0,0.0,0.370073,0.151576,18.297
S01E04,1,4,Donna Paulsen,1.0,0.0,0.314765,0.131113,15.389
S01E04,1,4,Rachel Zane,1.0,0.6,0.232259,0.102558,11.296
S01E05,1,5,Harvey Specter,1.0,0.0,0.505578,0.194496,70.365
S01E05,1,5,Trevor Evans,1.0,0.0,0.505578,0.194496,70.365
S01E05,1,5,Donna Paulsen,1.0,0.0,0.416224,0.152239,53.898
S01E05,1,5,Louis Litt,1.0,0.0,0.34508,0.125976,43.495
S01E05,1,5,Mike Ross,1.0,0.0,0.320652,0.117672,40.183
S01E05,1,5,Norma,1.0,0.0,0.214304,0.083823,26.576
S01E05,1,5,Jenny Griffith,1.0,0.285714,0.154457,0.06565,19.206
S01E05,1,5,Jessica Pearson,1.0,0.285714,0.154457,0.06565,19.206
S01E06,1,6,Harvey Specter,1.0,0.0,0.515338,0.184632,71.055
S01E06,1,6,Louis Litt,1.0,0.0,0.418448,0.138135,52.082
S01E06,1,6,Rachel Zane,1.0,0.0,0.418448,0.138135,52.082
S01E06,1,6,Mike Ross,1.0,0.0,0.383719,0.12555,46.869
S01E06,1,6,Daniel Hardman,1.0,0.0,0.227759,0.077682,26.794
S01E06,1,6,Donna Paulsen,1.0,0.0,0.227759,0.077682,26.794
S01E06,1,6,Jessica Pearson,1.0,0.0,0.227759,0.077682,26.794
S01E06,1,6,Harold Gunderson,1.0,0.083333,0.164688,0.060167,19.361
S01E06,1,6,Norma,1.0,0.083333,0.164688,0.060167,19.361
S01E06,1,6,Sean Cahill,1.0,0.083333,0.164688,0.060167,19.361
S01E07,1,7,Harvey Specter,1.0,0.0,0.513541,0.182984,75.378
S01E07,1,7,Dana Scott,1.0,0.0,0.410595,0.134341,54.094
S01E07,1,7,Kyle Durant,1.0,0.0,0.394386,0.128461,51.486
S01E07,1,7,Mike Ross,1.0,0.0,0.375979,0.122072,48.644
S01E07,1,7,Jenny Griffith,1.0,0.0,0.266553,0.088146,33.428
S01E07,1,7,Donna Paulsen,1.0,0.0,0.222248,0.075582,27.743
S01E07,1,7,Louis Litt,1.0,0.0,0.222248,0.075582,27.743
S01E07,1,7,Rachel Zane,1.0,0.0,0.222248,0.075582,27.743
S01E07,1,7,Daniel Hardman,1.0,0.180556,0.160553,0.058625,20.031
S01E07,1,7,Jessica Pearson,1.0,0.180556,0.160553,0.058625,20.031
S01E08,1,8,Louis Litt,1.0,0.0,0.519518,0.191567,89.721
S01E08,1,8,Harvey Specter,1.0,0.0,0.506814,0.183708,85.84
S01E08,1,8,Mike Ross,1.0,0.0,0.328042,0.11185,49.591
S01E08,1,8,Jessica Pearson,1.0,0.0,0.304243,0.104362,45.747
S01E08,1,8,Robert Zane,1.0,0.0,0.304243,0.104362,45.747
S01E08,1,8,Donna Paulsen,1.0,0.0,0.243443,0.086061,36.309
S01E08,1,8,Norma,1.0,0.0,0.243443,0.086061,36.309
S01E08,1,8,Daniel Hardman,1.0,0.0,0.202105,0.074078,30.095
S01E08,1,8,Rachel Zane,1.0,0.642857,0.145348,0.057951,21.695
S01E09,1,9,Mike Ross,1.0,0.0,0.46445,0.162805,139.092
S01E09,1,9,Louis Litt,1.0,0.0,0.451854,0.156922,133.653
S01E09,1,9,Harvey Specter,1.0,0.0,0.368525,0.124421,103.318
S01E09,1,9,Rachel Zane,1.0,0.0,0.368525,0.124421,103.318
S01E09,1,9,Daniel Hardman,1.0,0.0,0.301356,0.102536,82.649
S01E09,1,9,Benjamin,1.0,0.044643,0.233279,0.082224,63.311
S01E09,1,9,Donna Paulsen,1.0,0.044643,0.233279,0.082224,63.311
S01E09,1,9,Harold Gunderson,1.0,0.044643,0.233279,0.082224,63.311
S01E09,1,9,Jessica Pearson,1.0,0.044643,0.233279,0.082224,63.311
S01E10,1,10,Harvey Specter,1.0,0.0,0.457644,0.159149,74.108
S01E10,1,10,Mike Ross,1.0,0.0,0.440945,0.1516,70.288
S01E10,1,10,Louis Litt,1.0,0.0,0.328082,0.110359,49.18
S01E10,1,10,Rachel Zane,1.0,0.0,0.328082,0.110359,49.18
S01E10,1,10,Jenny Griffith,1.0,0.0,0.304698,0.102996,45.372
S01E10,1,10,Jessica Pearson,1.0,0.0,0.304698,0.102996,45.372
S01E10,1,10,Daniel Hardman,1.0,0.0,0.277346,0.09467,41.054
S01E10,1,10,Paula Agard,1.0,0.0,0.277346,0.09467,41.054
S01E10,1,10,Brian Altman,1.0,0.25,0.203298,0.0732,29.858
S01E11,1,11,Harvey Specter,1.0,0.0,0.512616,0.181834,138.394
S01E11,1,11,Louis Litt,1.0,0.0,0.470221,0.158831,119.908
S01E11,1,11,Jessica Pearson,1.0,0.0,0.327151,0.106267,76.845
S01E11,1,11,Jenny Griffith,1.0,0.0,0.294852,0.096466,68.708
S01E11,1,11,Mike Ross,1.0,0.0,0.294852,0.096466,68.708
S01E11,1,11,Rachel Zane,1.0,0.0,0.294852,0.096466,68.708
S01E11,1,11,Donna Paulsen,1.0,0.0,0.230474,0.07792,53.23
S01E11,1,11,Kyle Durant,1.0,0.0,0.230474,0.07792,53.23
S01E11,1,11,Trevor Evans,1.0,0.0,0.166754,0.060344,38.468
S01E11,1,11,Daniel Hardman,1.0,0.819444,0.119298,0.047487,27.615
S01E12,1,12,Harvey Specter,1.0,0.0,0.535096,0.202901,82.265
S01E12,1,12,Louis Litt,1.0,0.0,0.406863,0.137432,54.084
S01E12,1,12,Trevor Evans,1.0,0.0,0.350731,0.117927,45.508
S01E12,1,12,Mike Ross,1.0,0.0,0.326237,0.110039,42.02
S01E12,1,12,Donna Paulsen,1.0,0.0,0.29743,0.101103,38.056
S01E12,1,12,Jenny Griffith,1.0,0.0,0.29743,0.101103,38.056
S01E12,1,12,Rachel Zane,1.0,0.0,0.262654,0.090694,33.422
S01E12,1,12,Jessica Pearson,1.0,0.0,0.218763,0.07798,27.738
S01E12,1,12,Norma,1.0,0.660714,0.15786,0.06082,20.028
S02E01,2,1,Harvey Specter,1.0,0.0,0.456886,0.15394,90.677
S02E01,2,1,Mike Ross,1.0,0.0,0.407821,0.13361,77.721
S02E01,2,1,Daniel Hardman,1.0,0.0,0.385302,0.125396,72.451
S02E01,2,1,Jessica Pearson,1.0,0.0,0.385302,0.125396,72.451
S02E01,2,1,Rachel Zane,1.0,0.0,0.305232,0.099375,55.633
S02E01,2,1,Jenny Griffith,1.0,0.0,0.282745,0.092658,51.263
S02E01,2,1,Louis Litt,1.0,0.0,0.225666,0.076309,40.581
S02E01,2,1,Trevor Evans,1.0,0.0,0.225666,0.076309,40.581
S02E01,2,1,Donna Paulsen,1.0,0.0,0.187097,0.06565,33.584
S02E01,2,1,Robert Zane,1.0,0.75,0.13437,0.051358,24.162
S02E02,2,2,Harvey Specter,1.0,0.0,0.469103,0.167954,103.588
S02E02,2,2,Jessica Pearson,1.0,0.0,0.446102,0.157255,96.471
S02E02,2,2,Daniel Hardman,1.0,0.0,0.439391,0.154335,94.522
S02E02,2,2,Louis Litt,1.0,0.0,0.322519,0.111556,65.663
S02E02,2,2,Mike Ross,1.0,0.0,0.322519,0.111556,65.663
S02E02,2,2,Rachel Zane,1.0,0.0,0.322519,0.111556,65.663
S02E02,2,2,Donna Paulsen,1.0,0.0,0.173689,0.066635,34.831
S02E02,2,2,Norma,1.0,0.0,0.173689,0.066635,34.831
S02E02,2,2,Jenny Griffith,1.0,0.75,0.124415,0.052517,25.044
S02E03,2,3,Harvey Specter,1.0,0.0,0.44896,0.149685,74.617
S02E03,2,3,Daniel Hardman,1.0,0.0,0.420328,0.13773,68.156
S02E03,2,3,Jessica Pearson,1.0,0.0,0.366002,0.118064,57.447
S02E03,2,3,Rachel Zane,1.0,0.0,0.348147,0.112171,54.22
S02E03,2,3,Mike Ross,1.0,0.0,0.32786,0.10572,50.679
S02E03,2,3,Louis Litt,1.0,0.0,0.277224,0.090482,42.278
S02E03,2,3,Harold Gunderson,1.0,0.0,0.244433,0.081094,37.078
S02E03,2,3,Sheila Sazs,1.0,0.0,0.244433,0.081094,37.078
S02E03,2,3,Donna Paulsen,1.0,0.0,0.203261,0.069665,30.724
S02E03,2,3,Norma,1.0,0.75,0.146429,0.054295,22.139
S02E04,2,4,Harvey Specter,1.0,0.0,0.524679,0.197833,104.03
S02E04,2,4,Louis Litt,1.0,0.0,0.472715,0.168134,87.541
S02E04,2,4,Mike Ross,1.0,0.0,0.378277,0.130112,66.043
S02E04,2,4,Daniel Hardman,1.0,0.0,0.329507,0.11365,56.622
S02E04,2,4,Donna Paulsen,1.0,0.0,0.329507,0.11365,56.622
S02E04,2,4,Harold Gunderson,1.0,0.0,0.228229,0.08253,38.65
S02E04,2,4,Jessica Pearson,1.0,0.0,0.228229,0.08253,38.65
S02E04,2,4,Jenny Griffith,1.0,0.357143,0.135705,0.05578,23.047
S02E04,2,4,Thomas Kessler,1.0,0.357143,0.135705,0.05578,23.047
S02E05,2,5,Harvey Specter,1.0,0.0,0.584687,0.241003,100.422
S02E05,2,5,Donna Paulsen,1.0,0.0,0.504157,0.179485,73.973
S02E05,2,5,Jessica Pearson,1.0,0.0,0.347136,0.119196,47.101
S02E05,2,5,Louis Litt,1.0,0.0,0.347136,0.119196,47.101
S02E05,2,5,Daniel Hardman,1.0,0.0,0.214169,0.078648,28.658
S02E05,2,5,Mike Ross,1.0,0.0,0.214169,0.078648,28.658
S02E05,2,5,Harold Gunderson,1.0,0.119048,0.154083,0.061274,20.678
S02E05,2,5,Norma,1.0,0.119048,0.154083,0.061274,20.678
S02E05,2,5,Rachel Zane,1.0,0.119048,0.154083,0.061274,20.678
S02E06,2,6,Louis Litt,1.0,0.0,0.443631,0.147814,71.09
S02E06,2,6,Harvey Specter,1.0,0.0,0.423839,0.139554,66.778
S02E06,2,6,Daniel Hardman,1.0,0.0,0.3518,0.113687,53.168
S02E06,2,6,Donna Paulsen,1.0,0.0,0.331455,0.107151,49.704
S02E06,2,6,Harold Gunderson,1.0,0.0,0.308015,0.099899,45.851
S02E06,2,6,Jessica Pearson,1.0,0.0,0.308015,0.099899,45.851
S02E06,2,6,Mike Ross,1.0,0.0,0.308015,0.099899,45.851
S02E06,2,6,Rachel Zane,1.0,0.0,0.247485,0.082176,36.389
S02E06,2,6,Thomas Kessler,1.0,0.347222,0.148421,0.05496,21.741
S02E06,2,6,Zoe Lawford,1.0,0.347222,0.148421,0.05496,21.741
S02E07,2,7,Harvey Specter,1.0,0.0,0.556609,0.228489,151.719
S02E07,2,7,Donna Paulsen,1.0,0.0,0.405672,0.145516,93.331
S02E07,2,7,Louis Litt,1.0,0.0,0.386703,0.138493,88.27
S02E07,2,7,Jessica Pearson,1.0,0.0,0.364971,0.130765,82.684
S02E07,2,7,Daniel Hardman,1.0,0.0,0.352861,0.126582,79.653
S02E07,2,7,Mike Ross,1.0,0.0,0.252774,0.094324,56.118
S02E07,2,7,Rachel Zane,1.0,0.285714,0.165027,0.067916,36.654
S02E07,2,7,Zoe Lawford,1.0,0.285714,0.165027,0.067916,36.654
S02E08,2,8,Jessica Pearson,1.0,0.0,0.426636,0.126148,121.254
S02E08,2,8,Louis Litt,1.0,0.0,0.397444,0.115617,110.341
S02E08,2,8,Harvey Specter,1.0,0.0,0.388862,0.11272,107.33
S02E08,2,8,Daniel Hardman,1.0,0.0,0.335084,0.096006,89.882
S02E08,2,8,Mike Ross,1.0,0.0,0.289985,0.08333,76.567
S02E08,2,8,Donna Paulsen,1.0,0.0,0.250828,0.072961,65.627
S02E08,2,8,Jenny Griffith,1.0,0.0,0.227009,0.066861,59.171
S02E08,2,8,Zoe Lawford,1.0,0.0,0.227009,0.066861,59.171
S02E08,2,8,Norma,1.0,0.0,0.198956,0.059826,51.707
S02E08,2,8,Rachel Zane,1.0,0.0,0.198956,0.059826,51.707
S02E08,2,8,Trevor Evans,1.0,0.0,0.198956,0.059826,51.707
S02E08,2,8,Dana Scott,1.0,0.323232,0.117693,0.040009,30.585
S02E08,2,8,Robert Zane,1.0,0.323232,0.117693,0.040009,30.585
S02E09,2,9,Louis Litt,1.0,0.0,0.469733,0.161565,111.258
S02E09,2,9,Harvey Specter,1.0,0.0,0.448139,0.151568,103.883
S02E09,2,9,Jessica Pearson,1.0,0.0,0.373124,0.122731,82.403
S02E09,2,9,Daniel Hardman,1.0,0.0,0.361311,0.118708,79.384
S02E09,2,9,Rachel Zane,1.0,0.0,0.319037,0.105027,69.079
S02E09,2,9,Donna Paulsen,1.0,0.0,0.301996,0.099766,65.101
S02E09,2,9,Mike Ross,1.0,0.0,0.236772,0.080547,50.503
S02E09,2,9,Harold Gunderson,1.0,0.0,0.171676,0.062285,36.54
S02E09,2,9,Esther Litt,1.0,0.333333,0.122955,0.048901,26.252
S02E09,2,9,Norma,1.0,0.333333,0.122955,0.048901,26.252
S02E10,2,10,Harvey Specter,1.0,0.0,0.481353,0.188908,116.712
S02E10,2,10,Daniel Hardman,1.0,0.0,0.444431,0.170453,104.233
S02E10,2,10,Louis Litt,1.0,0.0,0.377259,0.14272,85.266
S02E10,2,10,Mike Ross,1.0,0.0,0.367127,0.138929,82.655
S02E10,2,10,Rachel Zane,1.0,0.0,0.331823,0.126251,73.895
S02E10,2,10,Donna Paulsen,1.0,0.0,0.302958,0.11637,67.038
S02E10,2,10,Jessica Pearson,1.0,0.0,0.302958,0.11637,67.038
S02E11,2,11,Harvey Specter,1.0,0.0,0.485592,0.160622,116.829
S02E11,2,11,Mike Ross,1.0,0.0,0.40384,0.125521,89.568
S02E11,2,11,Daniel Hardman,1.0,0.0,0.344309,0.105785,74.039
S02E11,2,11,Louis Litt,1.0,0.0,0.328784,0.101045,70.29
S02E11,2,11,Katrina Bennett,1.0,0.0,0.292238,0.090344,61.801
S02E11,2,11,Jessica Pearson,1.0,0.0,0.245068,0.077242,51.36
S02E11,2,11,Rachel Zane,1.0,0.0,0.245068,0.077242,51.36
S02E11,2,11,Zoe Lawford,1.0,0.0,0.245068,0.077242,51.36
S02E11,2,11,Donna Paulsen,1.0,0.0,0.215146,0.069221,44.943
S02E11,2,11,Sheila Sazs,1.0,0.0,0.215146,0.069221,44.943
S02E11,2,11,Jack Soloff,1.0,0.811111,0.127718,0.046514,26.68
S02E12,2,12,Harvey Specter,1.0,0.0,0.484319,0.168413,165.97
S02E12,2,12,Louis Litt,1.0,0.0,0.425631,0.141711,137.833
S02E12,2,12,Daniel Hardman,1.0,0.0,0.408395,0.135046,130.751
S02E12,2,12,Mike Ross,1.0,0.0,0.346913,0.113633,107.853
S02E12,2,12,Harold Gunderson,1.0,0.0,0.326471,0.107089,100.814
S02E12,2,12,Jessica Pearson,1.0,0.0,0.26006,0.087066,79.163
S02E12,2,12,Donna Paulsen,1.0,0.0,0.223635,0.076635,67.821
S02E12,2,12,Rachel Zane,1.0,0.0,0.17631,0.063433,53.407
S02E12,2,12,Zoe Lawford,1.0,0.0,0.17631,0.063433,53.407
S02E12,2,12,Thomas Kessler,1.0,0.916667,0.103637,0.043539,31.567
S02E13,2,13,Harvey Specter,1.0,0.0,0.427649,0.131211,98.886
S02E13,2,13,Katrina Bennett,1.0,0.0,0.370308,0.110813,82.219
S02E13,2,13,Donna Paulsen,1.0,0.0,0.343718,0.102423,75.32
S02E13,2,13,Robert Zane,1.0,0.0,0.343718,0.102423,75.32
S02E13,2,13,Louis Litt,1.0,0.0,0.328355,0.097788,71.497
S02E13,2,13,Rachel Zane,1.0,0.0,0.328355,0.097788,71.497
S02E13,2,13,Daniel Hardman,1.0,0.0,0.292106,0.087329,62.847
S02E13,2,13,Mike Ross,1.0,0.0,0.215344,0.0667,45.682
S02E13,2,13,Benjamin,1.0,0.0,0.178359,0.057217,37.749
S02E13,2,13,Jessica Pearson,1.0,0.0,0.178359,0.057217,37.749
S02E13,2,13,Anita Gibbs,1.0,0.272727,0.127961,0.044545,27.107
S02E13,2,13,Norma,1.0,0.272727,0.127961,0.044545,27.107
S02E14,2,14,Jessica Pearson,1.0,0.0,0.475381,0.177355,97.16
S02E14,2,14,Daniel Hardman,1.0,0.0,0.431625,0.156895,84.971
S02E14,2,14,Harvey Specter,1.0,0.0,0.431625,0.156895,84.971
S02E14,2,14,Louis Litt,1.0,0.0,0.359363,0.12908,68.208
S02E14,2,14,Mike Ross,1.0,0.0,0.329478,0.118782,61.952
S02E14,2,14,Donna Paulsen,1.0,0.0,0.292669,0.106701,54.58
S02E14,2,14,Rachel Zane,1.0,0.0,0.215246,0.082697,39.836
S02E14,2,14,Robert Zane,1.0,0.619048,0.178129,0.071594,32.976
S02E15,2,15,Harvey Specter,1.0,0.0,0.44863,0.14067,131.267
S02E15,2,15,Jessica Pearson,1.0,0.0,0.390698,0.118474,109.014
S02E15,2,15,Daniel Hardman,1.0,0.0,0.362886,0.109238,99.686
S02E15,2,15,Rachel Zane,1.0,0.0,0.340718,0.102301,92.656
S02E15,2,15,Katrina Bennett,1.0,0.0,0.314707,0.094534,84.76
S02E15,2,15,Dana Scott,1.0,0.0,0.283541,0.085639,75.689
S02E15,2,15,Mike Ross,1.0,0.0,0.265374,0.080619,70.555
S02E15,2,15,Louis Litt,1.0,0.0,0.244926,0.075085,64.885
S02E15,2,15,Sheila Sazs,1.0,0.0,0.221513,0.068875,58.507
S02E15,2,15,Donna Paulsen,1.0,0.218182,0.114594,0.041522,30.253
S02E15,2,15,Harold Gunderson,1.0,0.218182,0.114594,0.041522,30.253
S02E15,2,15,Norma,1.0,0.218182,0.114594,0.041522,30.253
S02E16,2,16,Harvey Specter,1.0,0.0,0.491957,0.155355,145.522
S02E16,2,16,Louis Litt,1.0,0.0,0.364384,0.105112,95.653
S02E16,2,16,Dana Scott,1.0,0.0,0.340028,0.097776,88.273
S02E16,2,16,Jessica Pearson,1.0,0.0,0.326204,0.093766,84.23
S02E16,2,16,Mike Ross,1.0,0.0,0.294299,0.084855,75.221
S02E16,2,16,Rachel Zane,1.0,0.0,0.294299,0.084855,75.221
S02E16,2,16,Daniel Hardman,1.0,0.0,0.230415,0.068056,58.153
S02E16,2,16,Donna Paulsen,1.0,0.0,0.230415,0.068056,58.153
S02E16,2,16,Sheila Sazs,1.0,0.0,0.230415,0.068056,58.153
S02E16,2,16,Zoe Lawford,1.0,0.0,0.166902,0.0522,41.949
S02E16,2,16,Harold Gunderson,1.0,0.188131,0.119475,0.040638,30.077
S02E16,2,16,Robert Zane,1.0,0.188131,0.119475,0.040638,30.077
S02E16,2,16,Trevor Evans,1.0,0.188131,0.119475,0.040638,30.077
S03E01,3,1,Harvey Specter,1.0,0.0,0.525893,0.188996,118.004
S03E01,3,1,Jessica Pearson,1.0,0.0,0.428402,0.139253,85.165
S03E01,3,1,Mike Ross,1.0,0.0,0.324357,0.104044,61.425
S03E01,3,1,Donna Paulsen,1.0,0.0,0.304418,0.09805,57.35
S03E01,3,1,Louis Litt,1.0,0.0,0.304418,0.09805,57.35
S03E01,3,1,Dana Scott,1.0,0.0,0.281762,0.091419,52.83
S03E01,3,1,Benjamin,1.0,0.0,0.224501,0.075297,41.795
S03E01,3,1,Rachel Zane,1.0,0.0,0.224501,0.075297,41.795
S03E01,3,1,Daniel Hardman,1.0,0.125,0.185967,0.064797,34.575
S03E01,3,1,Norma,1.0,0.125,0.185967,0.064797,34.575
S03E02,3,2,Harvey Specter,1.0,0.0,0.513015,0.195027,149.245
S03E02,3,2,Louis Litt,1.0,0.0,0.459366,0.166521,126.156
S03E02,3,2,Mike Ross,1.0,0.0,0.449538,0.162109,122.549
S03E02,3,2,Jessica Pearson,1.0,0.0,0.373375,0.132123,97.831
S03E02,3,2,Donna Paulsen,1.0,0.0,0.304758,0.108819,78.398
S03E02,3,2,Rachel Zane,1.0,0.0,0.235594,0.087111,60.143
S03E02,3,2,Esther Litt,1.0,0.178571,0.109427,0.04943,28.133
S03E02,3,2,Jack Soloff,1.0,0.178571,0.109427,0.04943,28.133
S03E02,3,2,Katrina Bennett,1.0,0.178571,0.109427,0.04943,28.133
S03E03,3,3,Harvey Specter,1.0,0.0,0.547956,0.212692,120.062
S03E03,3,3,Mike Ross,1.0,0.0,0.389617,0.131375,71.474
S03E03,3,3,Katrina Bennett,1.0,0.0,0.345408,0.116444,62.334
S03E03,3,3,Louis Litt,1.0,0.0,0.345408,0.116444,62.334
S03E03,3,3,Donna Paulsen,1.0,0.0,0.307232,0.104382,54.911
S03E03,3,3,Jessica Pearson,1.0,0.0,0.284313,0.097409,50.604
S03E03,3,3,Rachel Zane,1.0,0.0,0.284313,0.097409,50.604
S03E03,3,3,Harold Gunderson,1.0,0.0,0.187538,0.069352,33.167
S03E03,3,3,Norma,1.0,0.785714,0.134536,0.054494,23.867
S03E04,3,4,Harvey Specter,1.0,0.0,0.532341,0.209244,83.855
S03E04,3,4,Louis Litt,1.0,0.0,0.532341,0.209244,83.855
S03E04,3,4,Jessica Pearson,1.0,0.0,0.354722,0.12934,49.445
S03E04,3,4,Mike Ross,1.0,0.0,0.354722,0.12934,49.445
S03E04,3,4,Katrina Bennett,1.0,0.0,0.309343,0.114022,42.704
S03E04,3,4,Rachel Zane,1.0,0.0,0.205462,0.081277,28.171
S03E04,3,4,Donna Paulsen,1.0,0.285714,0.147755,0.063766,20.334
S03E04,3,4,Jenny Griffith,1.0,0.285714,0.147755,0.063766,20.334
S03E05,3,5,Harvey Specter,1.0,0.0,0.485309,0.174692,64.691
S03E05,3,5,Mike Ross,1.0,0.0,0.469253,0.166593,61.479
S03E05,3,5,Donna Paulsen,1.0,0.0,0.438078,0.15262,55.905
S03E05,3,5,Rachel Zane,1.0,0.0,0.330522,0.113507,40.107
S03E05,3,5,Jessica Pearson,1.0,0.0,0.266603,0.093529,31.94
S03E05,3,5,Louis Litt,1.0,0.0,0.266603,0.093529,31.94
S03E05,3,5,Robert Zane,1.0,0.0,0.222274,0.080371,26.528
S03E05,3,5,Daniel Hardman,1.0,0.25,0.16056,0.06258,19.173
S03E05,3,5,Katrina Bennett,1.0,0.25,0.16056,0.06258,19.173
S03E06,3,6,Harvey Specter,1.0,0.0,0.550065,0.213654,64.179
S03E06,3,6,Donna Paulsen,1.0,0.0,0.448724,0.154624,45.534
S03E06,3,6,Trevor Evans,1.0,0.0,0.366283,0.124065,35.648
S03E06,3,6,Mike Ross,1.0,0.0,0.335596,0.11398,32.356
S03E06,3,6,Jessica Pearson,1.0,0.0,0.297893,0.102169,28.486
S03E06,3,6,Rachel Zane,1.0,0.0,0.249459,0.087661,23.708
S03E06,3,6,Daniel Hardman,1.0,0.107143,0.181032,0.067949,17.178
S03E06,3,6,Esther Litt,1.0,0.107143,0.181032,0.067949,17.178
S03E06,3,6,Louis Litt,1.0,0.107143,0.181032,0.067949,17.178
S03E07,3,7,Harvey Specter,1.0,0.0,0.458298,0.155816,108.322
S03E07,3,7,Louis Litt,1.0,0.0,0.446902,0.150683,104.483
S03E07,3,7,Rachel Zane,1.0,0.0,0.372179,0.122007,82.856
S03E07,3,7,Jessica Pearson,1.0,0.0,0.347606,0.113768,76.591
S03E07,3,7,Donna Paulsen,1.0,0.0,0.333625,0.109252,73.148
S03E07,3,7,Harold Gunderson,1.0,0.0,0.301276,0.099182,65.448
S03E07,3,7,Mike Ross,1.0,0.0,0.23623,0.080088,50.765
S03E07,3,7,Norma,1.0,0.0,0.207154,0.071887,44.428
S03E07,3,7,Daniel Hardman,1.0,0.375,0.122687,0.048658,26.383
S03E07,3,7,Katrina Bennett,1.0,0.375,0.122687,0.048658,26.383
S03E08,3,8,Harvey Specter,1.0,0.0,0.516757,0.201069,65.299
S03E08,3,8,Harold Gunderson,1.0,0.0,0.445566,0.163526,52.26
S03E08,3,8,Louis Litt,1.0,0.0,0.445566,0.163526,52.26
S03E08,3,8,Donna Paulsen,1.0,0.0,0.336932,0.12228,37.65
S03E08,3,8,Rachel Zane,1.0,0.0,0.307596,0.112495,34.147
S03E08,3,8,Jessica Pearson,1.0,0.0,0.272013,0.101056,30.036
S03E08,3,8,Mike Ross,1.0,0.309524,0.163975,0.068024,18.074
S03E08,3,8,Norma,1.0,0.309524,0.163975,0.068024,18.074
S03E09,3,9,Harvey Specter,1.0,0.0,0.484753,0.166683,126.183
S03E09,3,9,Louis Litt,1.0,0.0,0.45279,0.151303,113.753
S03E09,3,9,Jessica Pearson,1.0,0.0,0.376309,0.122012,89.813
S03E09,3,9,Dana Scott,1.0,0.0,0.340828,0.110325,80.173
S03E09,3,9,Rachel Zane,1.0,0.0,0.294788,0.09618,68.444
S03E09,3,9,Donna Paulsen,1.0,0.0,0.230627,0.077705,53.03
S03E09,3,9,Mike Ross,1.0,0.0,0.230627,0.077705,53.03
S03E09,3,9,Robert Zane,1.0,0.0,0.230627,0.077705,53.03
S03E09,3,9,Daniel Hardman,1.0,0.180556,0.166969,0.060192,38.326
S03E09,3,9,Katrina Bennett,1.0,0.180556,0.166969,0.060192,38.326
S03E10,3,10,Harvey Specter,1.0,0.0,0.492376,0.164544,166.475
S03E10,3,10,Dana Scott,1.0,0.0,0.376962,0.116504,114.586
S03E10,3,10,Mike Ross,1.0,0.0,0.376962,0.116504,114.586
S03E10,3,10,Jessica Pearson,1.0,0.0,0.31457,0.097045,93.238
S03E10,3,10,Sheila Sazs,1.0,0.0,0.286668,0.088979,84.338
S03E10,3,10,Rachel Zane,1.0,0.0,0.270707,0.08449,79.375
S03E10,3,10,Louis Litt,1.0,0.0,0.253036,0.079609,73.967
S03E10,3,10,Brian Altman,1.0,0.0,0.233231,0.074232,68.0
S03E10,3,10,Donna Paulsen,1.0,0.0,0.210654,0.068201,61.293
S03E10,3,10,Robert Zane,1.0,0.0,0.210654,0.068201,61.293
S03E10,3,10,Katrina Bennett,1.0,0.988889,0.108518,0.041691,31.647
S03E11,3,11,Harvey Specter,1.0,0.0,0.475841,0.158799,129.175
S03E11,3,11,Mike Ross,1.0,0.0,0.429652,0.138248,111.357
S03E11,3,11,Dana Scott,1.0,0.0,0.349107,0.10982,86.417
S03E11,3,11,Sheila Sazs,1.0,0.0,0.349107,0.10982,86.417
S03E11,3,11,Jessica Pearson,1.0,0.0,0.322634,0.101565,79.117
S03E11,3,11,Louis Litt,1.0,0.0,0.290851,0.092094,70.712
S03E11,3,11,Donna Paulsen,1.0,0.0,0.251393,0.080833,60.679
S03E11,3,11,Rachel Zane,1.0,0.0,0.227434,0.074195,54.745
S03E11,3,11,Benjamin,1.0,0.207407,0.117772,0.044875,28.372
S03E11,3,11,Esther Litt,1.0,0.207407,0.117772,0.044875,28.372
S03E11,3,11,Norma,1.0,0.207407,0.117772,0.044875,28.372
S03E12,3,12,Louis Litt,1.0,0.0,0.479061,0.165333,103.103
S03E12,3,12,Harvey Specter,1.0,0.0,0.44321,0.148796,92.074
S03E12,3,12,Mike Ross,1.0,0.0,0.44321,0.148796,92.074
S03E12,3,12,Jessica Pearson,1.0,0.0,0.33342,0.109312,65.383
S03E12,3,12,Dana Scott,1.0,0.0,0.248531,0.08378,47.889
S03E12,3,12,Daniel Hardman,1.0,0.0,0.248531,0.08378,47.889
S03E12,3,12,Rachel Zane,1.0,0.0,0.248531,0.08378,47.889
S03E12,3,12,Donna Paulsen,1.0,0.0,0.218188,0.075147,41.938
S03E12,3,12,Jenny Griffith,1.0,0.333333,0.129526,0.050638,24.945
S03E12,3,12,Trevor Evans,1.0,0.333333,0.129526,0.050638,24.945
S03E13,3,13,Harvey Specter,1.0,0.0,0.525306,0.205154,117.883
S03E13,3,13,Louis Litt,1.0,0.0,0.510206,0.195533,112.038
S03E13,3,13,Dana Scott,1.0,0.0,0.411391,0.149491,83.616
S03E13,3,13,Jessica Pearson,1.0,0.0,0.306681,0.112542,60.368
S03E13,3,13,Donna Paulsen,1.0,0.0,0.265244,0.09927,51.936
S03E13,3,13,Mike Ross,1.0,0.0,0.265244,0.09927,51.936
S03E13,3,13,Benjamin,1.0,0.0,0.210369,0.082307,41.102
S03E13,3,13,Rachel Zane,1.0,0.904762,0.124431,0.056432,24.463
S03E14,3,14,Louis Litt,1.0,0.0,0.507594,0.179232,158.892
S03E14,3,14,Harvey Specter,1.0,0.0,0.38537,0.124525,107.153
S03E14,3,14,Rachel Zane,1.0,0.0,0.34629,0.111521,94.654
S03E14,3,14,Sheila Sazs,1.0,0.0,0.34629,0.111521,94.654
S03E14,3,14,Jessica Pearson,1.0,0.0,0.308599,0.099836,83.365
S03E14,3,14,Mike Ross,1.0,0.0,0.293792,0.095417,79.082
S03E14,3,14,Donna Paulsen,1.0,0.0,0.277528,0.090654,74.458
S03E14,3,14,Dana Scott,1.0,0.0,0.216189,0.073335,57.576
S03E14,3,14,Daniel Hardman,1.0,0.277778,0.156041,0.056979,41.541
S03E14,3,14,Norma,1.0,0.277778,0.156041,0.056979,41.541
S03E15,3,15,Louis Litt,1.0,0.0,0.464693,0.151512,128.507
S03E15,3,15,Mike Ross,1.0,0.0,0.389138,0.12125,100.908
S03E15,3,15,Harvey Specter,1.0,0.0,0.369882,0.114724,94.904
S03E15,3,15,Jessica Pearson,1.0,0.0,0.321264,0.099444,80.782
S03E15,3,15,Dana Scott,1.0,0.0,0.30625,0.094988,76.647
S03E15,3,15,Katrina Bennett,1.0,0.0,0.30625,0.094988,76.647
S03E15,3,15,Donna Paulsen,1.0,0.0,0.271237,0.08495,67.307
S03E15,3,15,Sheila Sazs,1.0,0.0,0.226605,0.072694,55.855
S03E15,3,15,Rachel Zane,1.0,0.0,0.19855,0.065209,48.836
S03E15,3,15,Harold Gunderson,1.0,0.0,0.164041,0.056158,40.324
S03E15,3,15,Daniel Hardman,1.0,0.844444,0.11739,0.044083,28.927
S03E16,3,16,Harvey Specter,1.0,0.0,0.467721,0.165508,210.737
S03E16,3,16,Harold Gunderson,1.0,0.0,0.441555,0.153512,194.222
S03E16,3,16,Mike Ross,1.0,0.0,0.431033,0.149064,188.073
S03E16,3,16,Dana Scott,1.0,0.0,0.321742,0.109895,133.382
S03E16,3,16,Louis Litt,1.0,0.0,0.321742,0.109895,133.382
S03E16,3,16,Donna Paulsen,1.0,0.0,0.263831,0.091995,108.097
S03E16,3,16,Rachel Zane,1.0,0.0,0.238944,0.084619,97.629
S03E16,3,16,Jessica Pearson,1.0,0.0,0.209565,0.07608,85.477
S03E16,3,16,Daniel Hardman,1.0,0.75,0.151069,0.059431,61.684
S04E01,4,1,Harvey Specter,1.0,0.0,0.516492,0.200444,112.383
S04E01,4,1,Mike Ross,1.0,0.0,0.499408,0.190044,106.192
S04E01,4,1,Donna Paulsen,1.0,0.0,0.342567,0.1244,66.314
S04E01,4,1,Louis Litt,1.0,0.0,0.342567,0.1244,66.314
S04E01,4,1,Jessica Pearson,1.0,0.0,0.326754,0.11904,63.006
S04E01,4,1,Rachel Zane,1.0,0.0,0.309269,0.113241,59.42
S04E01,4,1,Katrina Bennett,1.0,0.0,0.175713,0.071682,33.503
S04E01,4,1,Daniel Hardman,1.0,0.809524,0.125831,0.056749,24.105
S04E02,4,2,Louis Litt,1.0,0.0,0.491924,0.206896,95.603
S04E02,4,2,Harvey Specter,1.0,0.0,0.478491,0.199387,91.794
S04E02,4,2,Jessica Pearson,1.0,0.0,0.391035,0.159318,71.221
S04E02,4,2,Mike Ross,1.0,0.0,0.367872,0.15017,66.472
S04E02,4,2,Rachel Zane,1.0,0.0,0.367872,0.15017,66.472
S04E02,4,2,Donna Paulsen,1.0,0.0,0.324791,0.13406,58.068
S04E03,4,3,Mike Ross,1.0,0.0,0.486937,0.194457,84.128
S04E03,4,3,Louis Litt,1.0,0.0,0.48162,0.19157,82.773
S04E03,4,3,Jessica Pearson,1.0,0.0,0.422414,0.163685,69.58
S04E03,4,3,Harvey Specter,1.0,0.0,0.401053,0.154886,65.38
S04E03,4,3,Donna Paulsen,1.0,0.0,0.327166,0.127278,52.1
S04E03,4,3,Rachel Zane,1.0,0.0,0.257849,0.103758,40.676
S04E03,4,3,Daniel Hardman,1.0,1.0,0.134661,0.064366,21.338
S04E04,4,4,Harvey Specter,1.0,0.0,0.472205,0.160037,148.068
S04E04,4,4,Louis Litt,1.0,0.0,0.426641,0.140033,128.164
S04E04,4,4,Mike Ross,1.0,0.0,0.426641,0.140033,128.164
S04E04,4,4,Sheila Sazs,1.0,0.0,0.327358,0.105678,93.54
S04E04,4,4,Rachel Zane,1.0,0.0,0.253328,0.083771,71.208
S04E04,4,4,Sean Cahill,1.0,0.0,0.253328,0.083771,71.208
S04E04,4,4,Charles Forstman,1.0,0.0,0.233488,0.078182,65.481
S04E04,4,4,Donna Paulsen,1.0,0.0,0.210874,0.071909,59.04
S04E04,4,4,Jessica Pearson,1.0,0.0,0.210874,0.071909,59.04
S04E04,4,4,Brian Altman,1.0,0.166667,0.18442,0.064675,51.594
S04E05,4,5,Harvey Specter,1.0,0.0,0.440971,0.148409,137.065
S04E05,4,5,Mike Ross,1.0,0.0,0.431075,0.144219,132.871
S04E05,4,5,Louis Litt,1.0,0.0,0.371453,0.121808,110.297
S04E05,4,5,Rachel Zane,1.0,0.0,0.35352,0.115735,104.14
S04E05,4,5,Donna Paulsen,1.0,0.0,0.309574,0.101693,89.847
S04E05,4,5,Jessica Pearson,1.0,0.0,0.296364,0.097656,85.723
S04E05,4,5,Sean Cahill,1.0,0.0,0.281985,0.093339,81.306
S04E05,4,5,Charles Forstman,1.0,0.0,0.266222,0.088687,76.538
S04E05,4,5,Esther Litt,1.0,0.388889,0.106558,0.044227,30.574
S04E05,4,5,Sheila Sazs,1.0,0.388889,0.106558,0.044227,30.574
S04E06,4,6,Harvey Specter,1.0,0.0,0.472251,0.168771,178.137
S04E06,4,6,Mike Ross,1.0,0.0,0.43839,0.152976,160.151
S04E06,4,6,Charles Forstman,1.0,0.0,0.360874,0.123412,126.113
S04E06,4,6,Louis Litt,1.0,0.0,0.336466,0.11518,116.557
S04E06,4,6,Rachel Zane,1.0,0.0,0.336466,0.11518,116.557
S04E06,4,6,Jessica Pearson,1.0,0.0,0.317757,0.109095,109.473
S04E06,4,6,Donna Paulsen,1.0,0.0,0.272254,0.094918,92.903
S04E06,4,6,Sean Cahill,1.0,0.0,0.209147,0.07625,70.954
S04E06,4,6,Sheila Sazs,1.0,1.0,0.096491,0.044216,32.968
S04E07,4,7,Mike Ross,1.0,0.0,0.471888,0.169201,169.304
S04E07,4,7,Louis Litt,1.0,0.0,0.416842,0.144645,142.746
S04E07,4,7,Harvey Specter,1.0,0.0,0.394214,0.135912,133.224
S04E07,4,7,Rachel Zane,1.0,0.0,0.381224,0.131135,128.0
S04E07,4,7,Jessica Pearson,1.0,0.0,0.333199,0.114593,109.826
S04E07,4,7,Charles Forstman,1.0,0.0,0.302095,0.104575,98.76
S04E07,4,7,Sheila Sazs,1.0,0.0,0.231941,0.083247,75.063
S04E07,4,7,Donna Paulsen,1.0,0.0,0.192425,0.071726,62.188
S04E07,4,7,Esther Litt,1.0,1.0,0.098591,0.044966,32.094
S04E08,4,8,Harvey Specter,1.0,0.0,0.451075,0.147997,190.136
S04E08,4,8,Louis Litt,1.0,0.0,0.420422,0.135371,172.704
S04E08,4,8,Mike Ross,1.0,0.0,0.420422,0.135371,172.704
S04E08,4,8,Sean Cahill,1.0,0.0,0.365661,0.11582,145.507
S04E08,4,8,Charles Forstman,1.0,0.0,0.327347,0.10356,128.334
S04E08,4,8,Rachel Zane,1.0,0.0,0.276601,0.088436,107.031
S04E08,4,8,Katrina Bennett,1.0,0.0,0.202656,0.067789,77.754
S04E08,4,8,Donna Paulsen,1.0,0.0,0.182581,0.062358,70.017
S04E08,4,8,Jessica Pearson,1.0,0.0,0.15928,0.056111,61.101
S04E08,4,8,Sheila Sazs,1.0,0.0,0.131013,0.048588,50.338
S04E08,4,8,Norma,1.0,0.866667,0.09333,0.0386,36.009
S04E09,4,9,Harvey Specter,1.0,0.0,0.436737,0.147932,190.178
S04E09,4,9,Louis Litt,1.0,0.0,0.436737,0.147932,190.178
S04E09,4,9,Charles Forstman,1.0,0.0,0.384289,0.127612,161.739
S04E09,4,9,Jessica Pearson,1.0,0.0,0.384289,0.127612,161.739
S04E09,4,9,Sean Cahill,1.0,0.0,0.366959,0.121531,153.177
S04E09,4,9,Mike Ross,1.0,0.0,0.29812,0.099279,121.66
S04E09,4,9,Donna Paulsen,1.0,0.0,0.194726,0.069118,78.512
S04E09,4,9,Rachel Zane,1.0,0.0,0.194726,0.069118,78.512
S04E09,4,9,Daniel Hardman,1.0,0.0,0.125663,0.049924,50.818
S04E09,4,9,Katrina Bennett,1.0,0.944444,0.089465,0.039942,36.348
S04E10,4,10,Louis Litt,1.0,0.0,0.506367,0.176586,230.002
S04E10,4,10,Harvey Specter,1.0,0.0,0.419436,0.135917,174.076
S04E10,4,10,Jessica Pearson,1.0,0.0,0.399819,0.128668,163.985
S04E10,4,10,Mike Ross,1.0,0.0,0.388786,0.124761,158.531
S04E10,4,10,Sheila Sazs,1.0,0.0,0.296457,0.095265,117.069
S04E10,4,10,Robert Zane,1.0,0.0,0.234065,0.077299,91.578
S04E10,4,10,Donna Paulsen,1.0,0.0,0.218175,0.072867,85.266
S04E10,4,10,Katrina Bennett,1.0,0.0,0.180594,0.062542,70.518
S04E10,4,10,Rachel Zane,1.0,0.0,0.129484,0.048716,50.692
S04E10,4,10,Charles Forstman,1.0,0.366667,0.092203,0.03869,36.259
S04E10,4,10,Kyle Durant,1.0,0.366667,0.092203,0.03869,36.259
S04E11,4,11,Louis Litt,1.0,0.0,0.515605,0.16915,262.666
S04E11,4,11,Harvey Specter,1.0,0.0,0.377113,0.109976,166.082
S04E11,4,11,Jessica Pearson,1.0,0.0,0.377113,0.109976,166.082
S04E11,4,11,Mike Ross,1.0,0.0,0.342132,0.099283,148.333
S04E11,4,11,Rachel Zane,1.0,0.0,0.262402,0.077118,111.297
S04E11,4,11,Donna Paulsen,1.0,0.0,0.249079,0.073617,105.417
S04E11,4,11,Robert Zane,1.0,0.0,0.249079,0.073617,105.417
S04E11,4,11,Dana Scott,1.0,0.0,0.218686,0.065775,92.222
S04E11,4,11,Katrina Bennett,1.0,0.0,0.181055,0.056281,76.198
S04E11,4,11,Charles Forstman,1.0,0.0,0.129842,0.043597,54.709
S04E11,4,11,Daniel Hardman,1.0,0.0,0.129842,0.043597,54.709
S04E11,4,11,Norma,1.0,0.0,0.129842,0.043597,54.709
S04E11,4,11,Sheila Sazs,1.0,0.727273,0.092469,0.034417,39.099
S04E12,4,12,Louis Litt,1.0,0.0,0.535525,0.211705,104.252
S04E12,4,12,Harvey Specter,1.0,0.0,0.496379,0.186823,91.311
S04E12,4,12,Jessica Pearson,1.0,0.0,0.377792,0.136213,64.433
S04E12,4,12,Mike Ross,1.0,0.0,0.34678,0.125334,58.575
S04E12,4,12,Daniel Hardman,1.0,0.0,0.2588,0.096767,43.076
S04E12,4,12,Rachel Zane,1.0,0.0,0.2588,0.096767,43.076
S04E12,4,12,Donna Paulsen,1.0,0.0,0.227277,0.087052,37.769
S04E12,4,12,Katrina Bennett,1.0,0.880952,0.135012,0.059339,22.538
S04E13,4,13,Louis Litt,1.0,0.0,0.486501,0.166542,149.844
S04E13,4,13,Harvey Specter,1.0,0.0,0.436499,0.143358,127.741
S04E13,4,13,Mike Ross,1.0,0.0,0.397678,0.128474,113.411
S04E13,4,13,Donna Paulsen,1.0,0.0,0.353271,0.113274,98.678
S04E13,4,13,Daniel Hardman,1.0,0.0,0.318496,0.102266,87.948
S04E13,4,13,Trevor Evans,1.0,0.0,0.290279,0.093742,79.608
S04E13,4,13,Jessica Pearson,1.0,0.0,0.23621,0.078128,64.26
S04E13,4,13,Esther Litt,1.0,0.116667,0.109932,0.043554,29.974
S04E13,4,13,Katrina Bennett,1.0,0.116667,0.109932,0.043554,29.974
S04E13,4,13,Rachel Zane,1.0,0.116667,0.109932,0.043554,29.974
S04E13,4,13,Robert Zane,1.0,0.116667,0.109932,0.043554,29.974
S04E14,4,14,Harvey Specter,1.0,0.0,0.445245,0.156595,115.811
S04E14,4,14,Louis Litt,1.0,0.0,0.445245,0.156595,115.811
S04E14,4,14,Mike Ross,1.0,0.0,0.407103,0.140833,103.08
S04E14,4,14,Jessica Pearson,1.0,0.0,0.391092,0.134767,98.155
S04E14,4,14,Donna Paulsen,1.0,0.0,0.3404,0.116996,83.652
S04E14,4,14,Rachel Zane,1.0,0.0,0.264557,0.093001,63.905
S04E14,4,14,Dana Scott,1.0,0.0,0.220627,0.079933,53.078
S04E14,4,14,Daniel Hardman,1.0,0.0,0.193133,0.07194,46.431
S04E14,4,14,Norma,1.0,0.964286,0.113968,0.049337,27.539
S04E15,4,15,Harvey Specter,1.0,0.0,0.507097,0.205469,103.073
S04E15,4,15,Donna Paulsen,1.0,0.0,0.503461,0.203276,101.893
S04E15,4,15,Louis Litt,1.0,0.0,0.413299,0.159932,78.262
S04E15,4,15,Jessica Pearson,1.0,0.0,0.356588,0.13805,66.148
S04E15,4,15,Mike Ross,1.0,0.0,0.342169,0.132827,63.241
S04E15,4,15,Norma,1.0,0.0,0.241989,0.098799,44.161
S04E15,4,15,Rachel Zane,1.0,1.0,0.125578,0.061647,23.08
S04E16,4,16,Harvey Specter,1.0,0.0,0.477488,0.171146,145.412
S04E16,4,16,Charles Forstman,1.0,0.0,0.450099,0.157965,133.365
S04E16,4,16,Louis Litt,1.0,0.0,0.38317,0.131284,108.735
S04E16,4,16,Donna Paulsen,1.0,0.0,0.366086,0.125234,103.107
S04E16,4,16,Sean Cahill,1.0,0.0,0.298916,0.103188,82.486
S04E16,4,16,Norma,1.0,0.0,0.268462,0.093834,73.683
S04E16,4,16,Rachel Zane,1.0,0.0,0.268462,0.093834,73.683
S04E16,4,16,Mike Ross,1.0,0.0,0.208689,0.076182,56.99
S04E16,4,16,Jessica Pearson,1.0,1.0,0.107388,0.047333,29.495
S05E01,5,1,Donna Paulsen,1.0,0.0,0.488967,0.172947,170.34
S05E01,5,1,Harvey Specter,1.0,0.0,0.488967,0.172947,170.34
S05E01,5,1,Louis Litt,1.0,0.0,0.442005,0.151103,147.444
S05E01,5,1,Rachel Zane,1.0,0.0,0.33182,0.111337,105.135
S05E01,5,1,Mike Ross,1.0,0.0,0.297795,0.10062,93.611
S05E01,5,1,Norma,1.0,0.0,0.219067,0.077197,68.264
S05E01,5,1,Jessica Pearson,1.0,0.0,0.197533,0.071006,61.53
S05E01,5,1,Jack Soloff,1.0,0.0,0.141986,0.055258,44.336
S05E01,5,1,Dana Scott,1.0,0.347222,0.101236,0.043793,31.765
S05E01,5,1,Esther Litt,1.0,0.347222,0.101236,0.043793,31.765
S05E02,5,2,Harvey Specter,1.0,0.0,0.42951,0.143261,187.381
S05E02,5,2,Louis Litt,1.0,0.0,0.413616,0.136885,178.288
S05E02,5,2,Mike Ross,1.0,0.0,0.367665,0.12016,154.309
S05E02,5,2,Donna Paulsen,1.0,0.0,0.354907,0.115852,148.104
S05E02,5,2,Jessica Pearson,1.0,0.0,0.340926,0.11126,141.477
S05E02,5,2,Rachel Zane,1.0,0.0,0.32552,0.106335,134.357
S05E02,5,2,Jack Soloff,1.0,0.0,0.289273,0.095206,118.213
S05E02,5,2,Harold Gunderson,1.0,0.0,0.19567,0.068398,79.052
S05E02,5,2,Robert Zane,1.0,0.0,0.176219,0.063038,71.178
S05E02,5,2,Gretchen Bodinski,1.0,1.0,0.089969,0.039605,36.589
S05E03,5,3,Harvey Specter,1.0,0.0,0.472547,0.167808,136.315
S05E03,5,3,Louis Litt,1.0,0.0,0.412818,0.14137,113.065
S05E03,5,3,Jack Soloff,1.0,0.0,0.382631,0.130048,103.017
S05E03,5,3,Donna Paulsen,1.0,0.0,0.332332,0.112876,87.683
S05E03,5,3,Jessica Pearson,1.0,0.0,0.319906,0.108871,84.091
S05E03,5,3,Mike Ross,1.0,0.0,0.306429,0.104609,80.262
S05E03,5,3,Robert Zane,1.0,0.0,0.306429,0.104609,80.262
S05E03,5,3,Gretchen Bodinski,1.0,0.0,0.187831,0.069543,48.536
S05E03,5,3,Rachel Zane,1.0,0.75,0.154957,0.060267,40.079
S05E04,5,4,Louis Litt,1.0,0.0,0.455658,0.152545,154.49
S05E04,5,4,Harvey Specter,1.0,0.0,0.443011,0.14704,148.533
S05E04,5,4,Esther Litt,1.0,0.0,0.433619,0.143138,144.302
S05E04,5,4,Robert Zane,1.0,0.0,0.399686,0.130073,130.074
S05E04,5,4,Mike Ross,1.0,0.0,0.287635,0.093584,89.901
S05E04,5,4,Rachel Zane,1.0,0.0,0.287635,0.093584,89.901
S05E04,5,4,Donna Paulsen,1.0,0.0,0.174741,0.061494,54.101
S05E04,5,4,Katrina Bennett,1.0,0.0,0.143928,0.053057,44.622
S05E04,5,4,Gretchen Bodinski,1.0,0.185185,0.102674,0.041828,31.967
S05E04,5,4,Jack Soloff,1.0,0.185185,0.102674,0.041828,31.967
S05E04,5,4,Jessica Pearson,1.0,0.185185,0.102674,0.041828,31.967
S05E05,5,5,Harvey Specter,1.0,0.0,0.489371,0.167814,164.641
S05E05,5,5,Louis Litt,1.0,0.0,0.436174,0.14312,138.987
S05E05,5,5,Jack Soloff,1.0,0.0,0.413693,0.134321,129.766
S05E05,5,5,Donna Paulsen,1.0,0.0,0.370053,0.118818,113.427
S05E05,5,5,Jessica Pearson,1.0,0.0,0.294334,0.094959,88.07
S05E05,5,5,Rachel Zane,1.0,0.0,0.27992,0.0907,83.518
S05E05,5,5,Mike Ross,1.0,0.0,0.205087,0.06946,60.713
S05E05,5,5,Katrina Bennett,1.0,0.0,0.147687,0.053772,43.759
S05E05,5,5,Dana Scott,1.0,0.185185,0.1054,0.042345,31.357
S05E05,5,5,Esther Litt,1.0,0.185185,0.1054,0.042345,31.357
S05E05,5,5,Gretchen Bodinski,1.0,0.185185,0.1054,0.042345,31.357
S05E06,5,6,Louis Litt,1.0,0.0,0.468094,0.160545,130.162
S05E06,5,6,Harvey Specter,1.0,0.0,0.433277,0.145,116.629
S05E06,5,6,Mike Ross,1.0,0.0,0.398735,0.131582,104.861
S05E06,5,6,Jack Soloff,1.0,0.0,0.35149,0.115184,90.384
S05E06,5,6,Donna Paulsen,1.0,0.0,0.313661,0.103117,79.667
S05E06,5,6,Jessica Pearson,1.0,0.0,0.298752,0.098548,75.596
S05E06,5,6,Rachel Zane,1.0,0.0,0.243674,0.082331,61.089
S05E06,5,6,Daniel Hardman,1.0,0.0,0.15916,0.058699,39.798
S05E06,5,6,Gretchen Bodinski,1.0,0.0,0.15916,0.058699,39.798
S05E06,5,6,Dana Scott,1.0,0.805556,0.113785,0.046295,28.556
S05E07,5,7,Louis Litt,1.0,0.0,0.448173,0.142051,213.961
S05E07,5,7,Harvey Specter,1.0,0.0,0.424056,0.132258,198.179
S05E07,5,7,Jack Soloff,1.0,0.0,0.398145,0.122697,182.699
S05E07,5,7,Esther Litt,1.0,0.0,0.359315,0.109654,161.47
S05E07,5,7,Donna Paulsen,1.0,0.0,0.323356,0.098531,143.273
S05E07,5,7,Jessica Pearson,1.0,0.0,0.287155,0.087979,125.935
S05E07,5,7,Mike Ross,1.0,0.0,0.2111,0.067168,91.534
S05E07,5,7,Daniel Hardman,1.0,0.0,0.193989,0.062653,84.036
S05E07,5,7,Gretchen Bodinski,1.0,0.0,0.152289,0.0518,65.967
S05E07,5,7,Harold Gunderson,1.0,0.0,0.125187,0.04482,54.312
S05E07,5,7,Rachel Zane,1.0,0.0,0.125187,0.04482,54.312
S05E07,5,7,Robert Zane,1.0,0.854545,0.089126,0.035567,38.818
S05E08,5,8,Harvey Specter,1.0,0.0,0.463067,0.166457,189.352
S05E08,5,8,Louis Litt,1.0,0.0,0.460121,0.165056,187.634
S05E08,5,8,Mike Ross,1.0,0.0,0.420253,0.147723,166.284
S05E08,5,8,Rachel Zane,1.0,0.0,0.37331,0.12994,144.197
S05E08,5,8,Jessica Pearson,1.0,0.0,0.346047,0.120443,132.331
S05E08,5,8,Donna Paulsen,1.0,0.0,0.271391,0.09637,102.05
S05E08,5,8,Esther Litt,1.0,0.0,0.178635,0.068661,66.867
S05E08,5,8,Jack Soloff,1.0,0.0,0.15576,0.06201,58.372
S05E08,5,8,Daniel Hardman,1.0,0.964286,0.091175,0.04334,34.433
S05E09,5,9,Harvey Specter,1.0,0.0,0.418333,0.130481,171.718
S05E09,5,9,Daniel Hardman,1.0,0.0,0.393266,0.12127,158.597
S05E09,5,9,Louis Litt,1.0,0.0,0.36885,0.112944,146.688
S05E09,5,9,Jack Soloff,1.0,0.0,0.361993,0.110697,143.467
S05E09,5,9,Rachel Zane,1.0,0.0,0.347206,0.105969,136.678
S05E09,5,9,Mike Ross,1.0,0.0,0.321845,0.098176,125.461
S05E09,5,9,Jessica Pearson,1.0,0.0,0.302295,0.092395,117.116
S05E09,5,9,Donna Paulsen,1.0,0.0,0.185286,0.060364,70.545
S05E09,5,9,Gretchen Bodinski,1.0,0.0,0.133067,0.046832,50.711
S05E09,5,9,Trevor Evans,1.0,0.0,0.133067,0.046832,50.711
S05E09,5,9,Benjamin,1.0,0.381818,0.094834,0.037019,36.272
S05E09,5,9,Sean Cahill,1.0,0.381818,0.094834,0.037019,36.272
S05E10,5,10,Harvey Specter,1.0,0.0,0.51107,0.166292,150.967
S05E10,5,10,Jessica Pearson,1.0,0.0,0.398132,0.116767,103.724
S05E10,5,10,Daniel Hardman,1.0,0.0,0.342961,0.099453,86.938
S05E10,5,10,Jack Soloff,1.0,0.0,0.342961,0.099453,86.938
S05E10,5,10,Louis Litt,1.0,0.0,0.328982,0.095372,82.963
S05E10,5,10,Trevor Evans,1.0,0.0,0.232243,0.069185,57.309
S05E10,5,10,Charles Forstman,1.0,0.0,0.203526,0.061868,50.095
S05E10,5,10,Mike Ross,1.0,0.0,0.203526,0.061868,50.095
S05E10,5,10,Esther Litt,1.0,0.0,0.168184,0.053024,41.352
S05E10,5,10,Gretchen Bodinski,1.0,0.0,0.168184,0.053024,41.352
S05E10,5,10,Dana Scott,1.0,0.146465,0.120377,0.041232,29.654
S05E10,5,10,Donna Paulsen,1.0,0.146465,0.120377,0.041232,29.654
S05E10,5,10,Rachel Zane,1.0,0.146465,0.120377,0.041232,29.654
S05E11,5,11,Harvey Specter,1.0,0.0,0.419088,0.119077,233.329
S05E11,5,11,Mike Ross,1.0,0.0,0.419088,0.119077,233.329
S05E11,5,11,Jessica Pearson,1.0,0.0,0.320509,0.088318,168.079
S05E11,5,11,Louis Litt,1.0,0.0,0.296137,0.081713,153.956
S05E11,5,11,Rachel Zane,1.0,0.0,0.296137,0.081713,153.956
S05E11,5,11,Donna Paulsen,1.0,0.0,0.287102,0.079328,148.847
S05E11,5,11,Robert Zane,1.0,0.0,0.256489,0.071454,131.949
S05E11,5,11,Charles Forstman,1.0,0.0,0.244845,0.068532,125.665
S05E11,5,11,Jack Soloff,1.0,0.0,0.203729,0.058461,103.953
S05E11,5,11,Anita Gibbs,1.0,0.0,0.187168,0.05449,95.373
S05E11,5,11,Dana Scott,1.0,0.0,0.168487,0.050057,85.776
S05E11,5,11,Daniel Hardman,1.0,0.0,0.168487,0.050057,85.776
S05E11,5,11,Gretchen Bodinski,1.0,0.262821,0.120693,0.038862,61.482
S05E11,5,11,Trevor Evans,1.0,0.262821,0.120693,0.038862,61.482
S05E12,5,12,Donna Paulsen,1.0,0.0,0.460093,0.148623,216.327
S05E12,5,12,Harvey Specter,1.0,0.0,0.448007,0.143375,208.212
S05E12,5,12,Mike Ross,1.0,0.0,0.448007,0.143375,208.212
S05E12,5,12,Louis Litt,1.0,0.0,0.347558,0.107426,152.069
S05E12,5,12,Sheila Sazs,1.0,0.0,0.266494,0.083429,114.106
S05E12,5,12,Anita Gibbs,1.0,0.0,0.241412,0.076452,103.004
S05E12,5,12,Jessica Pearson,1.0,0.0,0.227276,0.072583,96.835
S05E12,5,12,Rachel Zane,1.0,0.0,0.194591,0.063774,82.756
S05E12,5,12,Norma,1.0,0.0,0.152724,0.052686,64.976
S05E12,5,12,Dana Scott,1.0,0.212121,0.089358,0.036093,38.246
S05E12,5,12,Gretchen Bodinski,1.0,0.212121,0.089358,0.036093,38.246
S05E12,5,12,Jack Soloff,1.0,0.212121,0.089358,0.036093,38.246
S05E13,5,13,Mike Ross,1.0,0.0,0.416719,0.128476,205.318
S05E13,5,13,Harvey Specter,1.0,0.0,0.395691,0.120803,192.021
S05E13,5,13,Rachel Zane,1.0,0.0,0.39101,0.119166,189.177
S05E13,5,13,Anita Gibbs,1.0,0.0,0.364704,0.110351,173.833
S05E13,5,13,Louis Litt,1.0,0.0,0.324902,0.097993,152.223
S05E13,5,13,Jack Soloff,1.0,0.0,0.260182,0.079559,119.788
S05E13,5,13,Sheila Sazs,1.0,0.0,0.260182,0.079559,119.788
S05E13,5,13,Dana Scott,1.0,0.0,0.221879,0.069272,101.589
S05E13,5,13,Jessica Pearson,1.0,0.0,0.221879,0.069272,101.589
S05E13,5,13,Donna Paulsen,1.0,0.0,0.171021,0.056042,78.085
S05E13,5,13,Daniel Hardman,1.0,0.409091,0.087224,0.034753,40.043
S05E13,5,13,Trevor Evans,1.0,0.409091,0.087224,0.034753,40.043
S05E14,5,14,Mike Ross,1.0,0.0,0.474785,0.147239,240.108
S05E14,5,14,Anita Gibbs,1.0,0.0,0.381353,0.110836,176.993
S05E14,5,14,Harvey Specter,1.0,0.0,0.369648,0.10709,170.436
S05E14,5,14,Louis Litt,1.0,0.0,0.300956,0.086904,134.927
S05E14,5,14,Rachel Zane,1.0,0.0,0.291062,0.084186,130.123
S05E14,5,14,Sheila Sazs,1.0,0.0,0.269264,0.078321,119.74
S05E14,5,14,Trevor Evans,1.0,0.0,0.25717,0.075131,114.082
S05E14,5,14,Benjamin,1.0,0.0,0.214318,0.064114,94.496
S05E14,5,14,Jessica Pearson,1.0,0.0,0.214318,0.064114,94.496
S05E14,5,14,Donna Paulsen,1.0,0.0,0.197001,0.059764,86.74
S05E14,5,14,Harold Gunderson,1.0,0.0,0.177434,0.0549,78.055
S05E14,5,14,Jack Soloff,1.0,0.416667,0.090616,0.0337,40.027
S05E14,5,14,Jenny Griffith,1.0,0.416667,0.090616,0.0337,40.027
S05E15,5,15,Mike Ross,1.0,0.0,0.493801,0.176402,168.158
S05E15,5,15,Harvey Specter,1.0,0.0,0.485487,0.171931,163.659
S05E15,5,15,Louis Litt,1.0,0.0,0.371676,0.124991,115.769
S05E15,5,15,Donna Paulsen,1.0,0.0,0.363333,0.122119,112.805
S05E15,5,15,Anita Gibbs,1.0,0.0,0.324571,0.109318,99.548
S05E15,5,15,Rachel Zane,1.0,0.0,0.287891,0.097838,87.604
S05E15,5,15,Jessica Pearson,1.0,0.0,0.174671,0.064636,52.774
S05E15,5,15,Charles Forstman,1.0,0.194444,0.102586,0.044255,31.201
S05E15,5,15,Daniel Hardman,1.0,0.194444,0.102586,0.044255,31.201
S05E15,5,15,Sheila Sazs,1.0,0.194444,0.102586,0.044255,31.201
S05E16,5,16,Mike Ross,1.0,0.0,0.435997,0.135709,232.955
S05E16,5,16,Harvey Specter,1.0,0.0,0.392063,0.11919,202.379
S05E16,5,16,Rachel Zane,1.0,0.0,0.372945,0.112716,190.333
S05E16,5,16,Jessica Pearson,1.0,0.0,0.317116,0.09539,157.929
S05E16,5,16,Donna Paulsen,1.0,0.0,0.301332,0.090806,149.317
S05E16,5,16,Louis Litt,1.0,0.0,0.283814,0.085841,139.971
S05E16,5,16,Robert Zane,1.0,0.0,0.283814,0.085841,139.971
S05E16,5,16,Anita Gibbs,1.0,0.0,0.253379,0.077465,124.164
S05E16,5,16,Katrina Bennett,1.0,0.0,0.24182,0.074353,118.279
S05E16,5,16,Jack Soloff,1.0,0.0,0.166203,0.054643,80.853
S05E16,5,16,Daniel Hardman,1.0,0.409091,0.084674,0.034023,41.426
S05E16,5,16,Sheila Sazs,1.0,0.409091,0.084674,0.034023,41.426
S06E01,6,1,Louis Litt,1.0,0.0,0.510278,0.176891,150.883
S06E01,6,1,Harvey Specter,1.0,0.0,0.469434,0.155478,131.704
S06E01,6,1,Mike Ross,1.0,0.0,0.417904,0.134347,112.557
S06E01,6,1,Donna Paulsen,1.0,0.0,0.31595,0.100549,81.544
S06E01,6,1,Jessica Pearson,1.0,0.0,0.284241,0.09116,72.852
S06E01,6,1,Rachel Zane,1.0,0.0,0.221543,0.073437,56.362
S06E01,6,1,Anita Gibbs,1.0,0.0,0.193871,0.065854,49.275
S06E01,6,1,Benjamin,1.0,0.0,0.159969,0.056685,40.683
S06E01,6,1,Esther Litt,1.0,0.0,0.159969,0.056685,40.683
S06E01,6,1,Gretchen Bodinski,1.0,0.288889,0.114325,0.044457,29.181
S06E01,6,1,Norma,1.0,0.288889,0.114325,0.044457,29.181
S06E02,6,2,Harvey Specter,1.0,0.0,0.467694,0.149422,143.873
S06E02,6,2,Mike Ross,1.0,0.0,0.416557,0.12807,121.966
S06E02,6,2,Jack Soloff,1.0,0.0,0.347948,0.104923,97.967
S06E02,6,2,Rachel Zane,1.0,0.0,0.347948,0.104923,97.967
S06E02,6,2,Jessica Pearson,1.0,0.0,0.310455,0.09369,86.234
S06E02,6,2,Louis Litt,1.0,0.0,0.261399,0.079899,71.758
S06E02,6,2,Robert Zane,1.0,0.0,0.261399,0.079899,71.758
S06E02,6,2,Donna Paulsen,1.0,0.0,0.241133,0.074417,65.983
S06E02,6,2,Gretchen Bodinski,1.0,0.0,0.190794,0.061173,51.983
S06E02,6,2,Charles Forstman,1.0,0.212121,0.112573,0.041195,30.745
S06E02,6,2,Daniel Hardman,1.0,0.212121,0.112573,0.041195,30.745
S06E02,6,2,Sean Cahill,1.0,0.212121,0.112573,0.041195,30.745
S06E03,6,3,Harvey Specter,1.0,0.0,0.473715,0.171161,108.496
S06E03,6,3,Mike Ross,1.0,0.0,0.419312,0.146683,91.755
S06E03,6,3,Donna Paulsen,1.0,0.0,0.402339,0.140012,87.157
S06E03,6,3,Louis Litt,1.0,0.0,0.392918,0.136446,84.693
S06E03,6,3,Jessica Pearson,1.0,0.0,0.347159,0.120186,73.411
S06E03,6,3,Rachel Zane,1.0,0.0,0.300697,0.104972,62.787
S06E03,6,3,Sean Cahill,1.0,0.0,0.206565,0.076423,42.686
S06E03,6,3,Charles Forstman,1.0,0.375,0.122277,0.052059,25.377
S06E03,6,3,Stu Buzzini,1.0,0.375,0.122277,0.052059,25.377
S06E04,6,4,Mike Ross,1.0,0.0,0.515454,0.18766,175.056
S06E04,6,4,Harvey Specter,1.0,0.0,0.478845,0.167159,154.966
S06E04,6,4,Rachel Zane,1.0,0.0,0.36924,0.123371,111.311
S06E04,6,4,Louis Litt,1.0,0.0,0.330114,0.110441,98.254
S06E04,6,4,Sean Cahill,1.0,0.0,0.330114,0.110441,98.254
S06E04,6,4,Donna Paulsen,1.0,0.0,0.292995,0.09884,86.483
S06E04,6,4,Gretchen Bodinski,1.0,0.0,0.146625,0.056414,43.011
S06E04,6,4,Jessica Pearson,1.0,0.0,0.146625,0.056414,43.011
S06E04,6,4,Leonard Bailey,1.0,0.347222,0.1046,0.04463,30.828
S06E04,6,4,Stu Buzzini,1.0,0.347222,0.1046,0.04463,30.828
S06E05,6,5,Harvey Specter,1.0,0.0,0.470153,0.156745,146.153
S06E05,6,5,Mike Ross,1.0,0.0,0.439385,0.142975,132.467
S06E05,6,5,Rachel Zane,1.0,0.0,0.379481,0.120548,109.973
S06E05,6,5,Louis Litt,1.0,0.0,0.370709,0.117574,106.973
S06E05,6,5,Sean Cahill,1.0,0.0,0.288759,0.092055,81.077
S06E05,6,5,Donna Paulsen,1.0,0.0,0.254924,0.082333,71.143
S06E05,6,5,Leonard Bailey,1.0,0.0,0.254924,0.082333,71.143
S06E05,6,5,Jessica Pearson,1.0,0.0,0.234992,0.07675,65.421
S06E05,6,5,Gretchen Bodinski,1.0,0.207407,0.109377,0.042896,30.493
S06E05,6,5,Sheila Sazs,1.0,0.207407,0.109377,0.042896,30.493
S06E05,6,5,Stu Buzzini,1.0,0.207407,0.109377,0.042896,30.493
S06E06,6,6,Mike Ross,1.0,0.0,0.432994,0.15667,89.002
S06E06,6,6,Sean Cahill,1.0,0.0,0.425512,0.153465,86.987
S06E06,6,6,Harvey Specter,1.0,0.0,0.399584,0.142967,80.367
S06E06,6,6,Louis Litt,1.0,0.0,0.366965,0.130789,72.647
S06E06,6,6,Rachel Zane,1.0,0.0,0.340108,0.121388,66.662
S06E06,6,6,Leonard Bailey,1.0,0.0,0.324655,0.116178,63.335
S06E06,6,6,Donna Paulsen,1.0,0.0,0.266636,0.097567,51.395
S06E06,6,6,Jessica Pearson,1.0,0.380952,0.212028,0.080975,40.683
S06E07,6,7,Harvey Specter,1.0,0.0,0.451805,0.14244,149.75
S06E07,6,7,Louis Litt,1.0,0.0,0.396987,0.121096,125.685
S06E07,6,7,Mike Ross,1.0,0.0,0.389732,0.118574,122.826
S06E07,6,7,Donna Paulsen,1.0,0.0,0.324252,0.097745,99.089
S06E07,6,7,Sean Cahill,1.0,0.0,0.312027,0.094146,94.966
S06E07,6,7,Leonard Bailey,1.0,0.0,0.298784,0.090322,90.579
S06E07,6,7,Jessica Pearson,1.0,0.0,0.251,0.077051,75.306
S06E07,6,7,Rachel Zane,1.0,0.0,0.251,0.077051,75.306
S06E07,6,7,Gretchen Bodinski,1.0,0.0,0.150717,0.050858,44.942
S06E07,6,7,Stu Buzzini,1.0,0.0,0.150717,0.050858,44.942
S06E07,6,7,Esther Litt,1.0,0.309091,0.107651,0.039929,32.193
S06E07,6,7,Sheila Sazs,1.0,0.309091,0.107651,0.039929,32.193
S06E08,6,8,Mike Ross,1.0,0.0,0.440871,0.159547,119.539
S06E08,6,8,Harvey Specter,1.0,0.0,0.424293,0.152354,113.589
S06E08,6,8,Louis Litt,1.0,0.0,0.381623,0.135572,99.631
S06E08,6,8,Sean Cahill,1.0,0.0,0.353658,0.125528,91.228
S06E08,6,8,Jessica Pearson,1.0,0.0,0.319149,0.11385,81.414
S06E08,6,8,Leonard Bailey,1.0,0.0,0.305719,0.109471,77.723
S06E08,6,8,Rachel Zane,1.0,0.0,0.305719,0.109471,77.723
S06E08,6,8,Donna Paulsen,1.0,0.0,0.257127,0.094207,64.809
S06E09,6,9,Mike Ross,1.0,0.0,0.502473,0.183801,138.451
S06E09,6,9,Harvey Specter,1.0,0.0,0.403276,0.137472,101.02
S06E09,6,9,Leonard Bailey,1.0,0.0,0.355755,0.120574,87.157
S06E09,6,9,Sean Cahill,1.0,0.0,0.331384,0.112523,80.517
S06E09,6,9,Rachel Zane,1.0,0.0,0.317618,0.108114,76.872
S06E09,6,9,Jessica Pearson,1.0,0.0,0.302571,0.103392,72.961
S06E09,6,9,Louis Litt,1.0,0.0,0.286008,0.098295,68.732
S06E09,6,9,Donna Paulsen,1.0,0.0,0.246917,0.086609,59.006
S06E09,6,9,Robert Zane,1.0,1.0,0.115386,0.049221,27.624
S06E10,6,10,Jessica Pearson,1.0,0.0,0.439839,0.147504,143.955
S06E10,6,10,Louis Litt,1.0,0.0,0.43513,0.145521,141.856
S06E10,6,10,Leonard Bailey,1.0,0.0,0.413941,0.137029,132.847
S06E10,6,10,Harvey Specter,1.0,0.0,0.380812,0.124857,119.871
S06E10,6,10,Mike Ross,1.0,0.0,0.315318,0.103352,96.778
S06E10,6,10,Stu Buzzini,1.0,0.0,0.243159,0.081948,73.6
S06E10,6,10,Donna Paulsen,1.0,0.0,0.223951,0.076494,67.664
S06E10,6,10,Rachel Zane,1.0,0.0,0.223951,0.076494,67.664
S06E10,6,10,Robert Zane,1.0,0.0,0.176618,0.063324,53.285
S06E10,6,10,Gretchen Bodinski,1.0,0.944444,0.103855,0.043476,31.496
S06E11,6,11,Louis Litt,1.0,0.0,0.442338,0.137706,179.108
S06E11,6,11,Mike Ross,1.0,0.0,0.395259,0.119828,154.078
S06E11,6,11,Harvey Specter,1.0,0.0,0.38931,0.117772,151.186
S06E11,6,11,Jessica Pearson,1.0,0.0,0.354788,0.106469,135.239
S06E11,6,11,Donna Paulsen,1.0,0.0,0.274259,0.082917,101.77
S06E11,6,11,Robert Zane,1.0,0.0,0.274259,0.082917,101.77
S06E11,6,11,Gretchen Bodinski,1.0,0.0,0.245708,0.075167,90.69
S06E11,6,11,Rachel Zane,1.0,0.0,0.245708,0.075167,90.69
S06E11,6,11,Katrina Bennett,1.0,0.0,0.229299,0.070807,84.443
S06E11,6,11,Anita Gibbs,1.0,0.0,0.136756,0.04704,50.217
S06E11,6,11,Sean Cahill,1.0,0.0,0.136756,0.04704,50.217
S06E11,6,11,Oliver Grady,1.0,0.8,0.097506,0.03717,35.923
S06E12,6,12,Harvey Specter,1.0,0.0,0.576094,0.254569,91.377
S06E12,6,12,Mike Ross,1.0,0.0,0.44052,0.169135,58.988
S06E12,6,12,Donna Paulsen,1.0,0.0,0.414093,0.158396,54.803
S06E12,6,12,Louis Litt,1.0,0.0,0.414093,0.158396,54.803
S06E12,6,12,Oliver Grady,1.0,0.0,0.253148,0.101907,32.494
S06E12,6,12,Rachel Zane,1.0,0.0,0.210181,0.088117,26.981
S06E12,6,12,Jessica Pearson,1.0,0.8,0.151171,0.06948,19.492
S06E13,6,13,Louis Litt,1.0,0.0,0.409684,0.137467,138.003
S06E13,6,13,Mike Ross,1.0,0.0,0.398042,0.133021,133.106
S06E13,6,13,Harvey Specter,1.0,0.0,0.391787,0.130695,130.54
S06E13,6,13,Donna Paulsen,1.0,0.0,0.385214,0.128293,127.888
S06E13,6,13,Rachel Zane,1.0,0.0,0.371014,0.123241,122.299
S06E13,6,13,Oliver Grady,1.0,0.0,0.327786,0.108775,106.231
S06E13,6,13,Benjamin,1.0,0.0,0.294484,0.098332,94.573
S06E13,6,13,Anita Gibbs,1.0,0.0,0.140837,0.054163,44.766
S06E13,6,13,Gretchen Bodinski,1.0,0.375,0.100459,0.043007,32.069
S06E13,6,13,Sean Cahill,1.0,0.375,0.100459,0.043007,32.069
S06E14,6,14,Mike Ross,1.0,0.0,0.45194,0.153781,158.926
S06E14,6,14,Harvey Specter,1.0,0.0,0.430864,0.144693,148.789
S06E14,6,14,Louis Litt,1.0,0.0,0.385744,0.127432,129.414
S06E14,6,14,Oliver Grady,1.0,0.0,0.346924,0.114144,114.397
S06E14,6,14,Rachel Zane,1.0,0.0,0.346924,0.114144,114.397
S06E14,6,14,Donna Paulsen,1.0,0.0,0.337761,0.111157,111.009
S06E14,6,14,Benjamin,1.0,0.0,0.195727,0.069031,62.82
S06E14,6,14,Jessica Pearson,1.0,0.0,0.195727,0.069031,62.82
S06E14,6,14,Katrina Bennett,1.0,0.0,0.140768,0.053825,45.249
S06E14,6,14,Gretchen Bodinski,1.0,0.930556,0.100397,0.042762,32.41
S06E15,6,15,Mike Ross,1.0,0.0,0.459327,0.157072,148.906
S06E15,6,15,Harvey Specter,1.0,0.0,0.41076,0.136629,127.999
S06E15,6,15,Louis Litt,1.0,0.0,0.404493,0.134248,125.551
S06E15,6,15,Donna Paulsen,1.0,0.0,0.375835,0.123879,114.857
S06E15,6,15,Rachel Zane,1.0,0.0,0.329218,0.10838,98.782
S06E15,6,15,Benjamin,1.0,0.0,0.317912,0.104811,95.065
S06E15,6,15,Stu Buzzini,1.0,0.0,0.20398,0.071329,59.96
S06E15,6,15,Oliver Grady,1.0,0.0,0.178283,0.064163,52.391
S06E15,6,15,Sheila Sazs,1.0,0.0,0.146923,0.055508,43.226
S06E15,6,15,Katrina Bennett,1.0,0.888889,0.104867,0.04398,30.98
S06E16,6,16,Mike Ross,1.0,0.0,0.47466,0.158094,188.454
S06E16,6,16,Harvey Specter,1.0,0.0,0.408625,0.130101,152.799
S06E16,6,16,Louis Litt,1.0,0.0,0.391323,0.123865,144.79
S06E16,6,16,Donna Paulsen,1.0,0.0,0.371415,0.117042,136.002
S06E16,6,16,Anita Gibbs,1.0,0.0,0.320901,0.100982,115.213
S06E16,6,16,Oliver Grady,1.0,0.0,0.261434,0.083612,92.578
S06E16,6,16,Benjamin,1.0,0.0,0.229953,0.074849,81.103
S06E16,6,16,Stu Buzzini,1.0,0.0,0.190741,0.064207,67.12
S06E16,6,16,Rachel Zane,1.0,0.0,0.166511,0.057736,58.591
S06E16,6,16,Gretchen Bodinski,1.0,0.0,0.137054,0.049937,48.289
S06E16,6,16,Jessica Pearson,1.0,0.888889,0.097701,0.039575,34.56
S07E01,7,1,Harvey Specter,1.0,0.0,0.466521,0.143883,194.975
S07E01,7,1,Louis Litt,1.0,0.0,0.456668,0.139545,188.796
S07E01,7,1,Donna Paulsen,1.0,0.0,0.408811,0.121072,162.33
S07E01,7,1,Mike Ross,1.0,0.0,0.310475,0.090331,117.786
S07E01,7,1,Jessica Pearson,1.0,0.0,0.299473,0.08723,113.26
S07E01,7,1,Rachel Zane,1.0,0.0,0.287681,0.083956,108.478
S07E01,7,1,Gretchen Bodinski,1.0,0.0,0.229738,0.068472,85.772
S07E01,7,1,Brian Altman,1.0,0.0,0.136878,0.044914,50.985
S07E01,7,1,Oliver Grady,1.0,0.0,0.136878,0.044914,50.985
S07E01,7,1,Benjamin,1.0,0.074359,0.097567,0.035137,36.466
S07E01,7,1,Esther Litt,1.0,0.074359,0.097567,0.035137,36.466
S07E01,7,1,Katrina Bennett,1.0,0.074359,0.097567,0.035137,36.466
S07E01,7,1,Paula Agard,1.0,0.074359,0.097567,0.035137,36.466
S07E01,7,1,Thomas Kessler,1.0,0.074359,0.097567,0.035137,36.466
S07E02,7,2,Harvey Specter,1.0,0.0,0.489496,0.166003,161.724
S07E02,7,2,Louis Litt,1.0,0.0,0.412357,0.131785,126.291
S07E02,7,2,Jessica Pearson,1.0,0.0,0.366592,0.115753,109.484
S07E02,7,2,Donna Paulsen,1.0,0.0,0.336625,0.106132,99.342
S07E02,7,2,Mike Ross,1.0,0.0,0.336625,0.106132,99.342
S07E02,7,2,Alex Williams,1.0,0.0,0.325182,0.102593,95.601
S07E02,7,2,Gretchen Bodinski,1.0,0.0,0.182933,0.062316,52.671
S07E02,7,2,Katrina Bennett,1.0,0.0,0.182933,0.062316,52.671
S07E02,7,2,Rachel Zane,1.0,0.0,0.182933,0.062316,52.671
S07E02,7,2,Esther Litt,1.0,0.366667,0.107695,0.042328,31.142
S07E02,7,2,Paula Agard,1.0,0.366667,0.107695,0.042328,31.142
S07E03,7,3,Louis Litt,1.0,0.0,0.463429,0.174542,138.88
S07E03,7,3,Harvey Specter,1.0,0.0,0.459576,0.172661,137.256
S07E03,7,3,Mike Ross,1.0,0.0,0.389915,0.142987,111.42
S07E03,7,3,Alex Williams,1.0,0.0,0.366354,0.134176,103.682
S07E03,7,3,Donna Paulsen,1.0,0.0,0.357567,0.130996,100.882
S07E03,7,3,Rachel Zane,1.0,0.0,0.357567,0.130996,100.882
S07E03,7,3,Oliver Grady,1.0,0.0,0.145769,0.06312,40.314
S07E03,7,3,Paula Agard,1.0,1.0,0.104006,0.050522,28.92
S07E04,7,4,Harvey Specter,1.0,0.0,0.466525,0.153954,200.654
S07E04,7,4,Louis Litt,1.0,0.0,0.402091,0.127337,163.464
S07E04,7,4,Mike Ross,1.0,0.0,0.379551,0.1194,152.281
S07E04,7,4,Alex Williams,1.0,0.0,0.336909,0.105516,132.628
S07E04,7,4,Rachel Zane,1.0,0.0,0.328448,0.102897,128.908
S07E04,7,4,Donna Paulsen,1.0,0.0,0.289199,0.091193,112.236
S07E04,7,4,Oliver Grady,1.0,0.0,0.251959,0.08061,97.096
S07E04,7,4,Jessica Pearson,1.0,0.0,0.237396,0.076576,91.308
S07E04,7,4,Robert Zane,1.0,0.0,0.160058,0.055788,61.358
S07E04,7,4,Katrina Bennett,1.0,0.0,0.131671,0.048321,50.548
S07E04,7,4,Daniel Hardman,1.0,0.911111,0.093811,0.038408,36.157
S07E05,7,5,Harvey Specter,1.0,0.0,0.473826,0.176252,138.905
S07E05,7,5,Louis Litt,1.0,0.0,0.445048,0.162446,127.082
S07E05,7,5,Oliver Grady,1.0,0.0,0.3979,0.142961,110.255
S07E05,7,5,Mike Ross,1.0,0.0,0.38267,0.137214,105.263
S07E05,7,5,Donna Paulsen,1.0,0.0,0.324078,0.116702,87.348
S07E05,7,5,Rachel Zane,1.0,0.0,0.26796,0.09864,71.455
S07E05,7,5,Paula Agard,1.0,0.0,0.250367,0.093186,66.635
S07E05,7,5,Sean Cahill,1.0,0.571429,0.182066,0.072599,48.361
S07E06,7,6,Harvey Specter,1.0,0.0,0.447253,0.140104,201.39
S07E06,7,6,Louis Litt,1.0,0.0,0.4293,0.132762,190.086
S07E06,7,6,Donna Paulsen,1.0,0.0,0.381287,0.115432,163.242
S07E06,7,6,Rachel Zane,1.0,0.0,0.315615,0.094984,131.304
S07E06,7,6,Mike Ross,1.0,0.0,0.296217,0.089393,122.526
S07E06,7,6,Oliver Grady,1.0,0.0,0.261928,0.079854,107.503
S07E06,7,6,Brian Altman,1.0,0.0,0.248693,0.076267,101.84
S07E06,7,6,Alex Williams,1.0,0.0,0.234285,0.072412,95.746
S07E06,7,6,Paula Agard,1.0,0.0,0.21846,0.068229,89.124
S07E06,7,6,Katrina Bennett,1.0,0.0,0.180964,0.058491,73.668
S07E06,7,6,Daniel Hardman,1.0,0.409091,0.092499,0.036036,37.834
S07E06,7,6,Jessica Pearson,1.0,0.409091,0.092499,0.036036,37.834
S07E07,7,7,Harvey Specter,1.0,0.0,0.502925,0.173801,269.509
S07E07,7,7,Louis Litt,1.0,0.0,0.410463,0.131516,200.109
S07E07,7,7,Jessica Pearson,1.0,0.0,0.361087,0.114405,171.611
S07E07,7,7,Alex Williams,1.0,0.0,0.355058,0.112446,168.333
S07E07,7,7,Mike Ross,1.0,0.0,0.355058,0.112446,168.333
S07E07,7,7,Donna Paulsen,1.0,0.0,0.266926,0.085843,123.586
S07E07,7,7,Daniel Hardman,1.0,0.0,0.231627,0.075918,106.775
S07E07,7,7,Rachel Zane,1.0,0.0,0.167705,0.058517,77.158
S07E07,7,7,Anita Gibbs,1.0,0.0,0.146111,0.052738,67.285
S07E07,7,7,Benjamin,1.0,0.0,0.120022,0.045789,55.388
S07E07,7,7,Gretchen Bodinski,1.0,0.888889,0.085386,0.03658,39.579
S07E08,7,8,Harvey Specter,1.0,0.0,0.413883,0.127068,159.306
S07E08,7,8,Robert Zane,1.0,0.0,0.403354,0.123194,154.037
S07E08,7,8,Louis Litt,1.0,0.0,0.357431,0.107681,132.84
S07E08,7,8,Rachel Zane,1.0,0.0,0.357431,0.107681,132.84
S07E08,7,8,Alex Williams,1.0,0.0,0.301173,0.09074,109.531
S07E08,7,8,Donna Paulsen,1.0,0.0,0.301173,0.09074,109.531
S07E08,7,8,Mike Ross,1.0,0.0,0.276804,0.083863,100.025
S07E08,7,8,Sheila Sazs,1.0,0.0,0.276804,0.083863,100.025
S07E08,7,8,Gretchen Bodinski,1.0,0.0,0.167916,0.055062,59.945
S07E08,7,8,Paula Agard,1.0,0.0,0.167916,0.055062,59.945
S07E08,7,8,Brian Altman,1.0,0.4,0.098613,0.037523,35.342
S07E08,7,8,Thomas Kessler,1.0,0.4,0.098613,0.037523,35.342
S07E09,7,9,Harvey Specter,1.0,0.0,0.477668,0.157855,130.544
S07E09,7,9,Louis Litt,1.0,0.0,0.464657,0.151623,125.067
S07E09,7,9,Mike Ross,1.0,0.0,0.361862,0.112877,90.63
S07E09,7,9,Brian Altman,1.0,0.0,0.323525,0.100919,79.88
S07E09,7,9,Donna Paulsen,1.0,0.0,0.291615,0.091508,71.385
S07E09,7,9,Gretchen Bodinski,1.0,0.0,0.252018,0.080323,61.247
S07E09,7,9,Sheila Sazs,1.0,0.0,0.252018,0.080323,61.247
S07E09,7,9,Rachel Zane,1.0,0.0,0.199717,0.066119,48.315
S07E09,7,9,Jessica Pearson,1.0,0.0,0.164971,0.056913,39.898
S07E09,7,9,Robert Zane,1.0,0.0,0.164971,0.056913,39.898
S07E09,7,9,Alex Williams,1.0,0.711111,0.11803,0.044627,28.627
S07E10,7,10,Harvey Specter,1.0,0.0,0.471595,0.161674,160.885
S07E10,7,10,Louis Litt,1.0,0.0,0.45695,0.154858,153.625
S07E10,7,10,Donna Paulsen,1.0,0.0,0.448658,0.151213,149.73
S07E10,7,10,Mike Ross,1.0,0.0,0.335416,0.110069,105.313
S07E10,7,10,Rachel Zane,1.0,0.0,0.274059,0.091317,84.812
S07E10,7,10,Jessica Pearson,1.0,0.0,0.241355,0.081823,74.378
S07E10,7,10,Alex Williams,1.0,0.0,0.222204,0.076375,68.375
S07E10,7,10,Sheila Sazs,1.0,0.0,0.175104,0.063223,53.836
S07E10,7,10,Paula Agard,1.0,0.236111,0.144223,0.054724,44.406
S07E10,7,10,Robert Zane,1.0,0.236111,0.144223,0.054724,44.406
S07E11,7,11,Harvey Specter,1.0,0.0,0.461876,0.149361,241.78
S07E11,7,11,Jessica Pearson,1.0,0.0,0.423643,0.133237,213.999
S07E11,7,11,Donna Paulsen,1.0,0.0,0.381326,0.117925,187.414
S07E11,7,11,Louis Litt,1.0,0.0,0.334241,0.102738,160.865
S07E11,7,11,Mike Ross,1.0,0.0,0.334241,0.102738,160.865
S07E11,7,11,Alex Williams,1.0,0.0,0.276487,0.085732,130.942
S07E11,7,11,Kyle Durant,1.0,0.0,0.243714,0.0766,114.792
S07E11,7,11,Paula Agard,1.0,0.0,0.243714,0.0766,114.792
S07E11,7,11,Rachel Zane,1.0,0.0,0.145913,0.050572,68.471
S07E11,7,11,Jack Soloff,1.0,0.218182,0.085294,0.034833,40.264
S07E11,7,11,Sean Cahill,1.0,0.218182,0.085294,0.034833,40.264
S07E11,7,11,Sheila Sazs,1.0,0.218182,0.085294,0.034833,40.264
S07E12,7,12,Harvey Specter,1.0,0.0,0.449099,0.142864,181.511
S07E12,7,12,Louis Litt,1.0,0.0,0.449099,0.142864,181.511
S07E12,7,12,Oliver Grady,1.0,0.0,0.3748,0.115124,143.667
S07E12,7,12,Mike Ross,1.0,0.0,0.35289,0.108017,133.893
S07E12,7,12,Donna Paulsen,1.0,0.0,0.307371,0.094175,114.776
S07E12,7,12,Sheila Sazs,1.0,0.0,0.296462,0.091002,110.379
S07E12,7,12,Jessica Pearson,1.0,0.0,0.25856,0.080304,95.512
S07E12,7,12,Paula Agard,1.0,0.0,0.164559,0.055192,60.388
S07E12,7,12,Esther Litt,1.0,0.0,0.135426,0.047633,49.756
S07E12,7,12,Rachel Zane,1.0,0.0,0.135426,0.047633,49.756
S07E12,7,12,Alex Williams,1.0,0.345455,0.096526,0.037596,35.597
S07E12,7,12,Gretchen Bodinski,1.0,0.345455,0.096526,0.037596,35.597
S07E13,7,13,Harvey Specter,1.0,0.0,0.465704,0.153411,196.983
S07E13,7,13,Donna Paulsen,1.0,0.0,0.399111,0.126111,159.379
S07E13,7,13,Louis Litt,1.0,0.0,0.375584,0.117909,147.986
S07E13,7,13,Paula Agard,1.0,0.0,0.339186,0.106095,131.504
S07E13,7,13,Stu Buzzini,1.0,0.0,0.339186,0.106095,131.504
S07E13,7,13,Rachel Zane,1.0,0.0,0.279774,0.088361,106.612
S07E13,7,13,Mike Ross,1.0,0.0,0.267348,0.084825,101.628
S07E13,7,13,Gretchen Bodinski,1.0,0.0,0.205244,0.067739,77.457
S07E13,7,13,Sheila Sazs,1.0,0.0,0.184962,0.062314,69.752
S07E13,7,13,Jessica Pearson,1.0,0.0,0.132793,0.048559,50.15
S07E13,7,13,Oliver Grady,1.0,0.911111,0.094625,0.03858,35.876
S07E14,7,14,Louis Litt,1.0,0.0,0.469961,0.156248,164.482
S07E14,7,14,Donna Paulsen,1.0,0.0,0.394292,0.12516,129.431
S07E14,7,14,Harvey Specter,1.0,0.0,0.394292,0.12516,129.431
S07E14,7,14,Sheila Sazs,1.0,0.0,0.364101,0.114818,117.655
S07E14,7,14,Mike Ross,1.0,0.0,0.302562,0.095623,95.663
S07E14,7,14,Paula Agard,1.0,0.0,0.275312,0.087675,86.508
S07E14,7,14,Rachel Zane,1.0,0.0,0.275312,0.087675,86.508
S07E14,7,14,Katrina Bennett,1.0,0.0,0.223464,0.073158,69.715
S07E14,7,14,Jessica Pearson,1.0,0.0,0.145208,0.052143,45.254
S07E14,7,14,Anita Gibbs,1.0,0.355556,0.103625,0.04117,32.414
S07E14,7,14,Stu Buzzini,1.0,0.355556,0.103625,0.04117,32.414
S07E15,7,15,Harvey Specter,1.0,0.0,0.475194,0.162792,152.675
S07E15,7,15,Jessica Pearson,1.0,0.0,0.403796,0.132251,121.869
S07E15,7,15,Mike Ross,1.0,0.0,0.396856,0.129702,119.276
S07E15,7,15,Louis Litt,1.0,0.0,0.334951,0.108778,97.891
S07E15,7,15,Dana Scott,1.0,0.0,0.323558,0.105197,94.213
S07E15,7,15,Donna Paulsen,1.0,0.0,0.323558,0.105197,94.213
S07E15,7,15,Robert Zane,1.0,0.0,0.208138,0.071592,59.446
S07E15,7,15,Oliver Grady,1.0,0.0,0.181988,0.064395,51.945
S07E15,7,15,Rachel Zane,1.0,0.0,0.181988,0.064395,51.945
S07E15,7,15,Jack Soloff,1.0,0.444444,0.150038,0.055703,42.863
S07E16,7,16,Harvey Specter,1.0,0.0,0.470203,0.166188,130.162
S07E16,7,16,Jessica Pearson,1.0,0.0,0.436948,0.150926,117.237
S07E16,7,16,Mike Ross,1.0,0.0,0.396491,0.134907,103.565
S07E16,7,16,Rachel Zane,1.0,0.0,0.337665,0.114473,85.983
S07E16,7,16,Louis Litt,1.0,0.0,0.311527,0.106086,78.724
S07E16,7,16,Donna Paulsen,1.0,0.0,0.296672,0.101457,74.707
S07E16,7,16,Robert Zane,1.0,0.0,0.241856,0.085016,60.386
S07E16,7,16,Alex Williams,1.0,0.196429,0.191319,0.070473,47.648
S07E16,7,16,Oliver Grady,1.0,0.196429,0.191319,0.070473,47.648
S08E01,8,1,Louis Litt,1.0,0.0,0.395746,0.119449,220.705
S08E01,8,1,Harvey Specter,1.0,0.0,0.38311,0.115096,211.898
S08E01,8,1,Katrina Bennett,1.0,0.0,0.364094,0.108831,199.195
S08E01,8,1,Robert Zane,1.0,0.0,0.347886,0.10372,188.805
S08E01,8,1,Brian Altman,1.0,0.0,0.329643,0.098176,177.509
S08E01,8,1,Alex Williams,1.0,0.0,0.31613,0.09419,169.374
S08E01,8,1,Donna Paulsen,1.0,0.0,0.276171,0.082891,146.237
S08E01,8,1,Samantha Wheeler,1.0,0.0,0.235046,0.071831,123.493
S08E01,8,1,Mike Ross,1.0,0.0,0.195265,0.061506,102.18
S08E01,8,1,Thomas Kessler,1.0,0.0,0.195265,0.061506,102.18
S08E01,8,1,Rachel Zane,1.0,0.381818,0.115424,0.041402,60.458
S08E01,8,1,Sheila Sazs,1.0,0.381818,0.115424,0.041402,60.458
S08E02,8,2,Harvey Specter,1.0,0.0,0.439409,0.148715,168.149
S08E02,8,2,Louis Litt,1.0,0.0,0.426949,0.143525,161.788
S08E02,8,2,Robert Zane,1.0,0.0,0.407836,0.136006,152.545
S08E02,8,2,Samantha Wheeler,1.0,0.0,0.385202,0.127652,142.237
S08E02,8,2,Sheila Sazs,1.0,0.0,0.372261,0.123091,136.594
S08E02,8,2,Donna Paulsen,1.0,0.0,0.241544,0.082293,85.642
S08E02,8,2,Alex Williams,1.0,0.0,0.207227,0.072501,73.297
S08E02,8,2,Mike Ross,1.0,0.0,0.207227,0.072501,73.297
S08E02,8,2,Jessica Pearson,1.0,0.0,0.134102,0.05216,47.519
S08E02,8,2,Katrina Bennett,1.0,0.916667,0.095563,0.041557,34.015
S08E03,8,3,Louis Litt,1.0,0.0,0.386512,0.120585,161.723
S08E03,8,3,Katrina Bennett,1.0,0.0,0.368754,0.114521,152.728
S08E03,8,3,Robert Zane,1.0,0.0,0.368754,0.114521,152.728
S08E03,8,3,Brian Altman,1.0,0.0,0.362273,0.112377,149.541
S08E03,8,3,Harvey Specter,1.0,0.0,0.355477,0.110163,146.248
S08E03,8,3,Donna Paulsen,1.0,0.0,0.296476,0.09214,119.326
S08E03,8,3,Mike Ross,1.0,0.0,0.274523,0.085849,109.883
S08E03,8,3,Alex Williams,1.0,0.0,0.249111,0.078767,99.227
S08E03,8,3,Samantha Wheeler,1.0,0.0,0.249111,0.078767,99.227
S08E03,8,3,Oliver Grady,1.0,0.0,0.158303,0.054604,62.663
S08E03,8,3,Rachel Zane,1.0,1.0,0.092797,0.037704,36.91
S08E04,8,4,Harvey Specter,1.0,0.0,0.431083,0.138171,182.949
S08E04,8,4,Louis Litt,1.0,0.0,0.41856,0.133257,175.9
S08E04,8,4,Robert Zane,1.0,0.0,0.41856,0.133257,175.9
S08E04,8,4,Alex Williams,1.0,0.0,0.394139,0.124265,162.96
S08E04,8,4,Donna Paulsen,1.0,0.0,0.263022,0.083575,103.776
S08E04,8,4,Samantha Wheeler,1.0,0.0,0.263022,0.083575,103.776
S08E04,8,4,Sheila Sazs,1.0,0.0,0.249731,0.079861,98.326
S08E04,8,4,Mike Ross,1.0,0.0,0.201704,0.066768,79.058
S08E04,8,4,Gretchen Bodinski,1.0,0.0,0.181721,0.061435,71.184
S08E04,8,4,Jessica Pearson,1.0,0.322222,0.130392,0.047918,51.163
S08E04,8,4,Katrina Bennett,1.0,0.322222,0.130392,0.047918,51.163
S08E05,8,5,Harvey Specter,1.0,0.0,0.477887,0.179081,104.288
S08E05,8,5,Louis Litt,1.0,0.0,0.462797,0.171548,99.541
S08E05,8,5,Sheila Sazs,1.0,0.0,0.422958,0.153909,88.352
S08E05,8,5,Donna Paulsen,1.0,0.0,0.396318,0.143345,81.605
S08E05,8,5,Samantha Wheeler,1.0,0.0,0.303266,0.110758,60.603
S08E05,8,5,Gretchen Bodinski,1.0,0.0,0.237615,0.090024,47.103
S08E05,8,5,Robert Zane,1.0,0.0,0.208315,0.08109,41.257
S08E05,8,5,Alex Williams,1.0,0.52381,0.172209,0.070245,34.135
S08E06,8,6,Louis Litt,1.0,0.0,0.476149,0.154281,242.32
S08E06,8,6,Harvey Specter,1.0,0.0,0.403989,0.124261,192.186
S08E06,8,6,Donna Paulsen,1.0,0.0,0.399417,0.122637,189.451
S08E06,8,6,Brian Altman,1.0,0.0,0.30289,0.092152,137.782
S08E06,8,6,Samantha Wheeler,1.0,0.0,0.30289,0.092152,137.782
S08E06,8,6,Katrina Bennett,1.0,0.0,0.283883,0.086729,128.523
S08E06,8,6,Alex Williams,1.0,0.0,0.262386,0.080742,118.279
S08E06,8,6,Robert Zane,1.0,0.0,0.208452,0.066236,93.365
S08E06,8,6,Sheila Sazs,1.0,0.0,0.208452,0.066236,93.365
S08E06,8,6,Jessica Pearson,1.0,0.0,0.123516,0.044255,55.368
S08E06,8,6,Mike Ross,1.0,0.381818,0.087917,0.03516,39.565
S08E06,8,6,Rachel Zane,1.0,0.381818,0.087917,0.03516,39.565
S08E07,8,7,Louis Litt,1.0,0.0,0.439414,0.146818,154.193
S08E07,8,7,Sheila Sazs,1.0,0.0,0.392542,0.128385,133.107
S08E07,8,7,Harvey Specter,1.0,0.0,0.364146,0.118439,121.655
S08E07,8,7,Robert Zane,1.0,0.0,0.364146,0.118439,121.655
S08E07,8,7,Donna Paulsen,1.0,0.0,0.347448,0.112889,115.244
S08E07,8,7,Alex Williams,1.0,0.0,0.338334,0.109937,111.828
S08E07,8,7,Esther Litt,1.0,0.0,0.217763,0.074233,70.196
S08E07,8,7,Gretchen Bodinski,1.0,0.0,0.217763,0.074233,70.196
S08E07,8,7,Samantha Wheeler,1.0,0.0,0.217763,0.074233,70.196
S08E07,8,7,Rachel Zane,1.0,1.0,0.100838,0.042395,32.629
S08E08,8,8,Louis Litt,1.0,0.0,0.456276,0.153074,148.562
S08E08,8,8,Samantha Wheeler,1.0,0.0,0.377908,0.122135,115.971
S08E08,8,8,Alex Williams,1.0,0.0,0.369753,0.119338,113.001
S08E08,8,8,Gretchen Bodinski,1.0,0.0,0.361093,0.116425,109.904
S08E08,8,8,Harvey Specter,1.0,0.0,0.33153,0.106866,99.718
S08E08,8,8,Robert Zane,1.0,0.0,0.308088,0.099634,91.984
S08E08,8,8,Donna Paulsen,1.0,0.0,0.264912,0.086911,78.326
S08E08,8,8,Mike Ross,1.0,0.0,0.205965,0.070394,60.5
S08E08,8,8,Sheila Sazs,1.0,0.0,0.205965,0.070394,60.5
S08E08,8,8,Esther Litt,1.0,0.638889,0.148462,0.054829,43.609
S08E09,8,9,Alex Williams,1.0,0.0,0.42105,0.139669,127.984
S08E09,8,9,Harvey Specter,1.0,0.0,0.395722,0.129951,118.229
S08E09,8,9,Robert Zane,1.0,0.0,0.395722,0.129951,118.229
S08E09,8,9,Brian Altman,1.0,0.0,0.334417,0.109006,97.058
S08E09,8,9,Louis Litt,1.0,0.0,0.334417,0.109006,97.058
S08E09,8,9,Samantha Wheeler,1.0,0.0,0.334417,0.109006,97.058
S08E09,8,9,Katrina Bennett,1.0,0.0,0.310909,0.101627,89.556
S08E09,8,9,Donna Paulsen,1.0,0.0,0.208151,0.071751,58.965
S08E09,8,9,Thomas Kessler,1.0,0.0,0.150115,0.055823,42.523
S08E09,8,9,Mike Ross,1.0,0.944444,0.107215,0.044211,30.482
S08E10,8,10,Samantha Wheeler,1.0,0.0,0.454811,0.160689,165.798
S08E10,8,10,Alex Williams,1.0,0.0,0.422352,0.146576,149.969
S08E10,8,10,Louis Litt,1.0,0.0,0.407173,0.140539,143.165
S08E10,8,10,Harvey Specter,1.0,0.0,0.354945,0.121578,121.672
S08E10,8,10,Robert Zane,1.0,0.0,0.354945,0.121578,121.672
S08E10,8,10,Sheila Sazs,1.0,0.0,0.273909,0.095552,91.899
S08E10,8,10,Katrina Bennett,1.0,0.0,0.24528,0.086942,81.984
S08E10,8,10,Donna Paulsen,1.0,0.0,0.228845,0.08209,76.384
S08E10,8,10,Rachel Zane,1.0,1.0,0.097192,0.044455,32.633
S08E11,8,11,Louis Litt,1.0,0.0,0.453682,0.139122,256.996
S08E11,8,11,Harvey Specter,1.0,0.0,0.381454,0.111925,203.312
S08E11,8,11,Alex Williams,1.0,0.0,0.315798,0.091838,163.237
S08E11,8,11,Donna Paulsen,1.0,0.0,0.315798,0.091838,163.237
S08E11,8,11,Thomas Kessler,1.0,0.0,0.308119,0.089652,158.855
S08E11,8,11,Robert Zane,1.0,0.0,0.29155,0.085022,149.562
S08E11,8,11,Samantha Wheeler,1.0,0.0,0.273079,0.079983,139.429
S08E11,8,11,Gretchen Bodinski,1.0,0.0,0.252235,0.074427,128.235
S08E11,8,11,Jessica Pearson,1.0,0.0,0.252235,0.074427,128.235
S08E11,8,11,Katrina Bennett,1.0,0.0,0.214848,0.064738,108.656
S08E11,8,11,Brian Altman,1.0,0.227273,0.084249,0.032342,42.714
S08E11,8,11,Mike Ross,1.0,0.227273,0.084249,0.032342,42.714
S08E11,8,11,Rachel Zane,1.0,0.227273,0.084249,0.032342,42.714
S08E12,8,12,Louis Litt,1.0,0.0,0.460423,0.144838,180.666
S08E12,8,12,Harvey Specter,1.0,0.0,0.43352,0.133419,165.464
S08E12,8,12,Donna Paulsen,1.0,0.0,0.3166,0.094542,113.092
S08E12,8,12,Alex Williams,1.0,0.0,0.29369,0.087999,104.193
S08E12,8,12,Katrina Bennett,1.0,0.0,0.29369,0.087999,104.193
S08E12,8,12,Brian Altman,1.0,0.0,0.28089,0.084433,99.333
S08E12,8,12,Gretchen Bodinski,1.0,0.0,0.251829,0.07653,88.541
S08E12,8,12,Robert Zane,1.0,0.0,0.251829,0.07653,88.541
S08E12,8,12,Thomas Kessler,1.0,0.0,0.251829,0.07653,88.541
S08E12,8,12,Samantha Wheeler,1.0,0.0,0.195219,0.061714,68.222
S08E12,8,12,Jessica Pearson,1.0,0.409091,0.100164,0.037732,35.111
S08E12,8,12,Sheila Sazs,1.0,0.409091,0.100164,0.037732,35.111
S08E13,8,13,Stu Buzzini,1.0,0.0,0.413884,0.12129,172.999
S08E13,8,13,Harvey Specter,1.0,0.0,0.367534,0.105636,148.773
S08E13,8,13,Samantha Wheeler,1.0,0.0,0.352819,0.101085,141.698
S08E13,8,13,Louis Litt,1.0,0.0,0.344848,0.098683,137.959
S08E13,8,13,Katrina Bennett,1.0,0.0,0.317984,0.090875,125.777
S08E13,8,13,Brian Altman,1.0,0.0,0.307867,0.088033,121.333
S08E13,8,13,Donna Paulsen,1.0,0.0,0.27294,0.078549,106.469
S08E13,8,13,Sean Cahill,1.0,0.0,0.228266,0.066991,88.28
S08E13,8,13,Robert Zane,1.0,0.0,0.189444,0.057305,72.98
S08E13,8,13,Mike Ross,1.0,0.0,0.165424,0.051426,63.666
S08E13,8,13,Thomas Kessler,1.0,0.0,0.165424,0.051426,63.666
S08E13,8,13,Alex Williams,1.0,0.212121,0.136198,0.04435,52.433
S08E13,8,13,Sheila Sazs,1.0,0.212121,0.136198,0.04435,52.433
S08E14,8,14,Harvey Specter,1.0,0.0,0.442425,0.147997,142.741
S08E14,8,14,Louis Litt,1.0,0.0,0.437762,0.14601,140.664
S08E14,8,14,Samantha Wheeler,1.0,0.0,0.391052,0.127904,121.649
S08E14,8,14,Dana Scott,1.0,0.0,0.375998,0.122593,116.04
S08E14,8,14,Donna Paulsen,1.0,0.0,0.306038,0.099993,92.037
S08E14,8,14,Alex Williams,1.0,0.0,0.245653,0.082246,73.038
S08E14,8,14,Gretchen Bodinski,1.0,0.0,0.245653,0.082246,73.038
S08E14,8,14,Katrina Bennett,1.0,0.0,0.226301,0.076771,67.151
S08E14,8,14,Thomas Kessler,1.0,0.0,0.204279,0.070628,60.534
S08E14,8,14,Mike Ross,1.0,1.0,0.10505,0.043612,31.267
S08E15,8,15,Thomas Kessler,1.0,0.0,0.463856,0.152231,175.265
S08E15,8,15,Donna Paulsen,1.0,0.0,0.370195,0.115741,130.052
S08E15,8,15,Louis Litt,1.0,0.0,0.370195,0.115741,130.052
S08E15,8,15,Harvey Specter,1.0,0.0,0.354404,0.110571,123.585
S08E15,8,15,Alex Williams,1.0,0.0,0.336705,0.104976,116.569
S08E15,8,15,Brian Altman,1.0,0.0,0.293767,0.092089,100.351
S08E15,8,15,Samantha Wheeler,1.0,0.0,0.26707,0.084452,90.701
S08E15,8,15,Katrina Bennett,1.0,0.0,0.235153,0.075597,79.478
S08E15,8,15,Robert Zane,1.0,0.0,0.170551,0.058291,57.442
S08E15,8,15,Sheila Sazs,1.0,0.0,0.140458,0.0504,47.351
S08E15,8,15,Mike Ross,1.0,0.911111,0.100184,0.039911,33.896
S08E16,8,16,Harvey Specter,1.0,0.0,0.414796,0.129767,233.018
S08E16,8,16,Robert Zane,1.0,0.0,0.396644,0.123063,219.983
S08E16,8,16,Thomas Kessler,1.0,0.0,0.370687,0.114095,202.485
S08E16,8,16,Louis Litt,1.0,0.0,0.35557,0.10914,192.788
S08E16,8,16,Donna Paulsen,1.0,0.0,0.326265,0.099974,174.796
S08E16,8,16,Daniel Hardman,1.0,0.0,0.319659,0.097976,170.863
S08E16,8,16,Samantha Wheeler,1.0,0.0,0.305548,0.093777,162.593
S08E16,8,16,Alex Williams,1.0,0.0,0.232085,0.073106,121.673
S08E16,8,16,Jessica Pearson,1.0,0.0,0.17687,0.058412,92.398
S08E16,8,16,Mike Ross,1.0,0.218182,0.080916,0.033564,42.558
S08E16,8,16,Rachel Zane,1.0,0.218182,0.080916,0.033564,42.558
S08E16,8,16,Sheila Sazs,1.0,0.218182,0.080916,0.033564,42.558
S09E01,9,1,Robert Zane,1.0,0.0,0.437779,0.128778,279.572
S09E01,9,1,Louis Litt,1.0,0.0,0.410894,0.118718,256.269
S09E01,9,1,Harvey Specter,1.0,0.0,0.38454,0.109776,235.461
S09E01,9,1,Donna Paulsen,1.0,0.0,0.322331,0.090977,191.447
S09E01,9,1,Samantha Wheeler,1.0,0.0,0.315756,0.089125,187.093
S09E01,9,1,Alex Williams,1.0,0.0,0.269342,0.076564,157.474
S09E01,9,1,Thomas Kessler,1.0,0.0,0.239977,0.068978,139.515
S09E01,9,1,Katrina Bennett,1.0,0.0,0.204016,0.059957,118.094
S09E01,9,1,Mike Ross,1.0,0.0,0.204016,0.059957,118.094
S09E01,9,1,Sheila Sazs,1.0,0.0,0.156749,0.048404,90.562
S09E01,9,1,Rachel Zane,1.0,0.0,0.136494,0.043522,78.893
S09E01,9,1,Daniel Hardman,1.0,0.0,0.112063,0.037663,64.865
S09E01,9,1,Jessica Pearson,1.0,0.0,0.112063,0.037663,64.865
S09E01,9,1,Faye Richardson,1.0,0.846154,0.07968,0.029918,46.281
S09E02,9,2,Louis Litt,1.0,0.0,0.416159,0.13059,173.239
S09E02,9,2,Harvey Specter,1.0,0.0,0.401823,0.125245,165.493
S09E02,9,2,Faye Richardson,1.0,0.0,0.373406,0.115346,151.098
S09E02,9,2,Donna Paulsen,1.0,0.0,0.310701,0.095739,122.406
S09E02,9,2,Samantha Wheeler,1.0,0.0,0.300674,0.092806,118.094
S09E02,9,2,Thomas Kessler,1.0,0.0,0.300674,0.092806,118.094
S09E02,9,2,Alex Williams,1.0,0.0,0.278513,0.086468,108.759
S09E02,9,2,Benjamin,1.0,0.0,0.266177,0.083015,103.664
S09E02,9,2,Robert Zane,1.0,0.0,0.238276,0.07537,92.361
S09E02,9,2,Katrina Bennett,1.0,0.0,0.160824,0.05497,62.047
S09E02,9,2,Gretchen Bodinski,1.0,0.777778,0.132338,0.047645,51.111
S09E03,9,3,Louis Litt,1.0,0.0,0.467656,0.147489,204.111
S09E03,9,3,Faye Richardson,1.0,0.0,0.372159,0.110873,149.832
S09E03,9,3,Donna Paulsen,1.0,0.0,0.358049,0.106386,143.117
S09E03,9,3,Harvey Specter,1.0,0.0,0.358049,0.106386,143.117
S09E03,9,3,Gretchen Bodinski,1.0,0.0,0.270365,0.081022,104.927
S09E03,9,3,Brian Altman,1.0,0.0,0.256839,0.07738,99.411
S09E03,9,3,Alex Williams,1.0,0.0,0.242091,0.073464,93.474
S09E03,9,3,Sheila Sazs,1.0,0.0,0.242091,0.073464,93.474
S09E03,9,3,Samantha Wheeler,1.0,0.0,0.225862,0.069215,87.021
S09E03,9,3,Katrina Bennett,1.0,0.0,0.207787,0.064544,79.916
S09E03,9,3,Robert Zane,1.0,0.0,0.163494,0.053306,62.776
S09E03,9,3,Benjamin,1.0,0.981818,0.095909,0.036471,36.976
S09E04,9,4,Harvey Specter,1.0,0.0,0.402159,0.11412,199.254
S09E04,9,4,Donna Paulsen,1.0,0.0,0.397507,0.112536,196.284
S09E04,9,4,Louis Litt,1.0,0.0,0.376961,0.105809,183.647
S09E04,9,4,Alex Williams,1.0,0.0,0.359158,0.100283,173.236
S09E04,9,4,Faye Richardson,1.0,0.0,0.352684,0.098332,169.555
S09E04,9,4,Gretchen Bodinski,1.0,0.0,0.287504,0.080006,134.829
S09E04,9,4,Samantha Wheeler,1.0,0.0,0.277079,0.077246,129.578
S09E04,9,4,Katrina Bennett,1.0,0.0,0.17517,0.051735,80.772
S09E04,9,4,Mike Ross,1.0,0.0,0.152758,0.046351,70.414
S09E04,9,4,Jessica Pearson,1.0,0.0,0.125601,0.039881,57.943
S09E04,9,4,Norma,1.0,0.0,0.125601,0.039881,57.943
S09E04,9,4,Robert Zane,1.0,0.0,0.125601,0.039881,57.943
S09E04,9,4,Brian Altman,1.0,0.194139,0.08944,0.031313,41.386
S09E04,9,4,Paula Agard,1.0,0.194139,0.08944,0.031313,41.386
S09E04,9,4,Rachel Zane,1.0,0.194139,0.08944,0.031313,41.386
S09E05,9,5,Harvey Specter,1.0,0.0,0.424662,0.125292,262.663
S09E05,9,5,Mike Ross,1.0,0.0,0.394054,0.114302,237.799
S09E05,9,5,Donna Paulsen,1.0,0.0,0.310768,0.088855,179.763
S09E05,9,5,Louis Litt,1.0,0.0,0.310768,0.088855,179.763
S09E05,9,5,Samantha Wheeler,1.0,0.0,0.303604,0.086861,175.191
S09E05,9,5,Sheila Sazs,1.0,0.0,0.303604,0.086861,175.191
S09E05,9,5,Brian Altman,1.0,0.0,0.288224,0.082655,165.532
S09E05,9,5,Katrina Bennett,1.0,0.0,0.261982,0.075677,149.473
S09E05,9,5,Faye Richardson,1.0,0.0,0.218642,0.064578,123.842
S09E05,9,5,Rachel Zane,1.0,0.0,0.191468,0.057817,108.179
S09E05,9,5,Alex Williams,1.0,0.0,0.1377,0.044723,77.736
S09E05,9,5,Benjamin,1.0,0.0,0.1377,0.044723,77.736
S09E05,9,5,Robert Zane,1.0,0.666667,0.113075,0.038799,63.921
S09E06,9,6,Faye Richardson,1.0,0.0,0.413186,0.119351,246.388
S09E06,9,6,Samantha Wheeler,1.0,0.0,0.38644,0.110121,225.863
S09E06,9,6,Harvey Specter,1.0,0.0,0.346935,0.097764,198.25
S09E06,9,6,Brian Altman,1.0,0.0,0.335049,0.094268,190.412
S09E06,9,6,Katrina Bennett,1.0,0.0,0.284192,0.080139,158.617
S09E06,9,6,Louis Litt,1.0,0.0,0.284192,0.080139,158.617
S09E06,9,6,Alex Williams,1.0,0.0,0.266063,0.075355,147.812
S09E06,9,6,Robert Zane,1.0,0.0,0.266063,0.075355,147.812
S09E06,9,6,Donna Paulsen,1.0,0.0,0.245638,0.070086,135.888
S09E06,9,6,Gretchen Bodinski,1.0,0.0,0.194689,0.057365,107.004
S09E06,9,6,Mike Ross,1.0,0.0,0.160831,0.049144,88.268
S09E06,9,6,Rachel Zane,1.0,0.235043,0.081858,0.030305,45.134
S09E06,9,6,Sheila Sazs,1.0,0.235043,0.081858,0.030305,45.134
S09E06,9,6,Thomas Kessler,1.0,0.235043,0.081858,0.030305,45.134
S09E07,9,7,Harvey Specter,1.0,0.0,0.517031,0.181918,215.164
S09E07,9,7,Louis Litt,1.0,0.0,0.451467,0.14806,173.136
S09E07,9,7,Harold Gunderson,1.0,0.0,0.371806,0.11851,135.844
S09E07,9,7,Donna Paulsen,1.0,0.0,0.348274,0.110848,126.094
S09E07,9,7,Samantha Wheeler,1.0,0.0,0.339564,0.108094,122.582
S09E07,9,7,Alex Williams,1.0,0.0,0.210729,0.07063,74.433
S09E07,9,7,Mike Ross,1.0,0.0,0.210729,0.07063,74.433
S09E07,9,7,Faye Richardson,1.0,0.0,0.13634,0.050455,48.238
S09E07,9,7,Katrina Bennett,1.0,0.0,0.13634,0.050455,48.238
S09E07,9,7,Robert Zane,1.0,0.0,0.13634,0.050455,48.238
S09E07,9,7,Thomas Kessler,1.0,0.8,0.097151,0.039945,34.524
S09E08,9,8,Harvey Specter,1.0,0.0,0.439001,0.131208,216.954
S09E08,9,8,Sean Cahill,1.0,0.0,0.361351,0.104006,168.531
S09E08,9,8,Esther Litt,1.0,0.0,0.354882,0.102015,164.963
S09E08,9,8,Louis Litt,1.0,0.0,0.354882,0.102015,164.963
S09E08,9,8,Mike Ross,1.0,0.0,0.299422,0.085979,136.122
S09E08,9,8,Charles Forstman,1.0,0.0,0.279137,0.080471,126.172
S09E08,9,8,Donna Paulsen,1.0,0.0,0.255936,0.074342,115.077
S09E08,9,8,Faye Richardson,1.0,0.0,0.228838,0.067371,102.426
S09E08,9,8,Samantha Wheeler,1.0,0.0,0.21334,0.063457,95.308
S09E08,9,8,Sheila Sazs,1.0,0.0,0.196118,0.059159,87.481
S09E08,9,8,Katrina Bennett,1.0,0.0,0.176653,0.054355,78.718
S09E08,9,8,Alex Williams,1.0,0.0,0.126703,0.042204,56.49
S09E08,9,8,Jessica Pearson,1.0,0.909091,0.09024,0.033417,40.359
S09E09,9,9,Harvey Specter,1.0,0.0,0.423765,0.130027,264.55
S09E09,9,9,Samantha Wheeler,1.0,0.0,0.408238,0.124207,251.847
S09E09,9,9,Faye Richardson,1.0,0.0,0.401401,0.121742,246.457
S09E09,9,9,Louis Litt,1.0,0.0,0.355553,0.106405,212.777
S09E09,9,9,Donna Paulsen,1.0,0.0,0.328539,0.098097,194.439
S09E09,9,9,Mike Ross,1.0,0.0,0.322511,0.096299,190.463
S09E09,9,9,Katrina Bennett,1.0,0.0,0.223904,0.068866,129.435
S09E09,9,9,Alex Williams,1.0,0.0,0.212168,0.065774,122.518
S09E09,9,9,Gretchen Bodinski,1.0,0.0,0.170323,0.054924,98.183
S09E09,9,9,Rachel Zane,1.0,0.0,0.10941,0.039422,63.259
S09E09,9,9,Daniel Hardman,1.0,0.212121,0.077771,0.031413,45.145
S09E09,9,9,Jessica Pearson,1.0,0.212121,0.077771,0.031413,45.145
S09E09,9,9,Robert Zane,1.0,0.212121,0.077771,0.031413,45.145
S09E10,9,10,Harvey Specter,1.0,0.0,0.443301,0.131246,316.94
S09E10,9,10,Louis Litt,1.0,0.0,0.4093,0.118362,283.798
S09E10,9,10,Faye Richardson,1.0,0.0,0.374001,0.10657,253.287
S09E10,9,10,Donna Paulsen,1.0,0.0,0.288297,0.081719,188.48
S09E10,9,10,Samantha Wheeler,1.0,0.0,0.280988,0.079761,183.345
S09E10,9,10,Sheila Sazs,1.0,0.0,0.280988,0.079761,183.345
S09E10,9,10,Mike Ross,1.0,0.0,0.273336,0.07773,178.015
S09E10,9,10,Katrina Bennett,1.0,0.0,0.265306,0.075618,172.47
S09E10,9,10,Alex Williams,1.0,0.0,0.180453,0.054237,116.073
S09E10,9,10,Gretchen Bodinski,1.0,0.0,0.180453,0.054237,116.073
S09E10,9,10,Robert Zane,1.0,0.0,0.148789,0.046542,95.673
S09E10,9,10,Daniel Hardman,1.0,0.0,0.106255,0.036316,68.479
S09E10,9,10,Jessica Pearson,1.0,0.403846,0.075509,0.028951,48.836
S09E10,9,10,Rachel Zane,1.0,0.403846,0.075509,0.028951,48.836
