episode_id,season,episode_num,character,influence_score,influence_rank,rank_change,influence_smooth
S01E01,1,1,Harvey Specter,0.493103,1,0,0.501258
S01E01,1,1,Louis Litt,0.318178,2,0,0.373342
S01E01,1,1,Mike Ross,0.311282,3,0,0.35037
S01E01,1,1,Trevor Evans,0.293315,4,1,0.325572
S01E01,1,1,Jessica Pearson,0.277898,5,1,0.206889
S01E01,1,1,Donna Paulsen,0.210829,6,1,0.169825
S01E01,1,1,Rachel Zane,0.096543,7,1,0.05311
S01E01,1,1,Daniel Hardman,0.003448,8,2,0.003489
S01E01,1,1,Thomas Kessler,0.003448,8,0,0.003391
S01E02,1,2,Harvey Specter,0.509412,1,0,0.495041
S01E02,1,2,Louis Litt,0.428507,2,0,0.401815
S01E02,1,2,Mike Ross,0.389457,3,-1,0.336976
S01E02,1,2,Jessica Pearson,0.13588,4,2,0.248116
S01E02,1,2,Donna Paulsen,0.128821,5,0,0.147312
S01E02,1,2,Daniel Hardman,0.003529,6,-1,0.003775
S01E03,1,3,Harvey Specter,0.482609,1,0,0.505942
S01E03,1,3,Louis Litt,0.458759,2,-1,0.388216
S01E03,1,3,Trevor Evans,0.35783,3,2,0.381368
S01E03,1,3,Mike Ross,0.310189,4,0,0.290346
S01E03,1,3,Robert Zane,0.285677,5,1,0.221236
S01E03,1,3,Jenny Griffith,0.172686,6,-1,0.088456
S01E03,1,3,Daniel Hardman,0.004348,7,1,0.024837
S01E04,1,4,Harvey Specter,0.525806,1,0,0.500458
S01E04,1,4,Jessica Pearson,0.33057,2,-5,0.156892
S01E04,1,4,Louis Litt,0.277381,3,-1,0.317666
S01E04,1,4,Mike Ross,0.171391,4,-1,0.222811
S01E04,1,4,Donna Paulsen,0.102285,5,2,0.180724
S01E04,1,4,Rachel Zane,0.009677,6,3,0.134447
S01E05,1,5,Harvey Specter,0.492958,1,0,0.509128
S01E05,1,5,Trevor Evans,0.492958,1,-8,0.298095
S01E05,1,5,Donna Paulsen,0.311067,3,-2,0.161719
S01E05,1,5,Louis Litt,0.216859,4,2,0.265511
S01E05,1,5,Mike Ross,0.186853,5,1,0.203249
S01E05,1,5,Norma,0.064868,6,-2,0.03502
S01E05,1,5,Jenny Griffith,0.004226,7,2,0.09531
S01E05,1,5,Jessica Pearson,0.004226,7,1,0.13381
S01E06,1,6,Harvey Specter,0.508621,1,0,0.501568
S01E06,1,6,Louis Litt,0.302294,2,-4,0.195919
S01E06,1,6,Rachel Zane,0.297122,3,-4,0.123572
S01E06,1,6,Mike Ross,0.251504,4,0,0.228207
S01E06,1,6,Donna Paulsen,0.071806,5,-2,0.14893
S01E06,1,6,Daniel Hardman,0.066634,6,-3,0.025223
S01E06,1,6,Jessica Pearson,0.066634,6,-3,0.025183
S01E06,1,6,Harold Gunderson,0.005172,8,-1,0.007723
S01E06,1,6,Norma,0.005172,8,1,0.054969
S01E06,1,6,Sean Cahill,0.005172,8,3,0.049157
S01E07,1,7,Harvey Specter,0.503125,1,-1,0.494883
S01E07,1,7,Dana Scott,0.290415,2,-10,0.146738
S01E07,1,7,Kyle Durant,0.27619,3,-5,0.188618
S01E07,1,7,Mike Ross,0.246264,4,1,0.228041
S01E07,1,7,Jenny Griffith,0.109017,5,0,0.094781
S01E07,1,7,Louis Litt,0.068605,6,5,0.29149
S01E07,1,7,Donna Paulsen,0.063917,7,1,0.078053
S01E07,1,7,Rachel Zane,0.063917,7,-2,0.122727
S01E07,1,7,Daniel Hardman,0.004688,9,1,0.042248
S01E07,1,7,Jessica Pearson,0.004688,9,5,0.076039
S01E08,1,8,Louis Litt,0.503571,1,-1,0.340352
S01E08,1,8,Harvey Specter,0.472902,2,-2,0.406122
S01E08,1,8,Mike Ross,0.186355,3,2,0.302882
S01E08,1,8,Jessica Pearson,0.156796,4,-3,0.057938
S01E08,1,8,Robert Zane,0.156796,4,-6,0.148654
S01E08,1,8,Donna Paulsen,0.098437,6,-1,0.058228
S01E08,1,8,Norma,0.094866,7,-2,0.034885
S01E08,1,8,Daniel Hardman,0.055422,8,3,0.05981
S01E08,1,8,Rachel Zane,0.007143,9,6,0.108576
S01E09,1,9,Mike Ross,0.476027,1,-1,0.36539
S01E09,1,9,Louis Litt,0.448879,2,-2,0.383236
S01E09,1,9,Rachel Zane,0.254669,3,0,0.155727
S01E09,1,9,Harvey Specter,0.24234,4,3,0.396072
S01E09,1,9,Daniel Hardman,0.119321,5,-2,0.099662
S01E09,1,9,Benjamin,0.014384,6,-3,0.039732
S01E09,1,9,Donna Paulsen,0.012329,7,0,0.072343
S01E09,1,9,Jessica Pearson,0.012329,7,1,0.109355
S01E09,1,9,Harold Gunderson,0.010274,9,2,0.047369
S01E10,1,10,Harvey Specter,0.472973,1,0,0.405684
S01E10,1,10,Mike Ross,0.433787,2,-3,0.358837
S01E10,1,10,Rachel Zane,0.205368,3,-2,0.208912
S01E10,1,10,Louis Litt,0.197259,4,2,0.350231
S01E10,1,10,Jenny Griffith,0.171101,5,1,0.149808
S01E10,1,10,Jessica Pearson,0.158939,6,3,0.124122
S01E10,1,10,Daniel Hardman,0.124244,7,-3,0.082058
S01E10,1,10,Paula Agard,0.116136,8,-2,0.059524
S01E10,1,10,Brian Altman,0.008108,9,1,0.063796
S01E11,1,11,Harvey Specter,0.501739,1,0,0.501314
S01E11,1,11,Louis Litt,0.404555,2,0,0.286346
S01E11,1,11,Jessica Pearson,0.201097,3,-5,0.140731
S01E11,1,11,Jenny Griffith,0.169307,4,-1,0.157426
S01E11,1,11,Mike Ross,0.166698,5,1,0.255581
S01E11,1,11,Rachel Zane,0.166698,5,-2,0.156672
S01E11,1,11,Donna Paulsen,0.106262,7,2,0.083487
S01E11,1,11,Kyle Durant,0.101045,8,-2,0.126196
S01E11,1,11,Trevor Evans,0.043497,9,6,0.243179
S01E11,1,11,Daniel Hardman,0.002609,10,6,0.151308
S01E12,1,12,Harvey Specter,0.529231,1,0,0.501409
S01E12,1,12,Louis Litt,0.257224,2,-5,0.257675
S01E12,1,12,Trevor Evans,0.193081,3,-5,0.114778
S01E12,1,12,Mike Ross,0.166258,4,2,0.236499
S01E12,1,12,Donna Paulsen,0.13187,5,-4,0.100279
S01E12,1,12,Jenny Griffith,0.13187,5,-1,0.16105
S01E12,1,12,Rachel Zane,0.09795,7,2,0.15993
S01E12,1,12,Jessica Pearson,0.062157,8,5,0.200263
S01E12,1,12,Norma,0.004616,9,2,0.051428
S02E01,2,1,Harvey Specter,0.473256,1,0,0.492005
S02E01,2,1,Mike Ross,0.376541,2,-2,0.257948
S02E01,2,1,Jessica Pearson,0.337535,3,1,0.278716
S02E01,2,1,Daniel Hardman,0.32707,4,1,0.247104
S02E01,2,1,Rachel Zane,0.215141,5,1,0.181379
S02E01,2,1,Jenny Griffith,0.181972,6,-3,0.105594
S02E01,2,1,Louis Litt,0.111246,7,3,0.199839
S02E01,2,1,Trevor Evans,0.107757,8,-2,0.134015
S02E01,2,1,Donna Paulsen,0.062706,9,2,0.083126
S02E01,2,1,Robert Zane,0.003488,10,-2,0.054448
S02E02,2,2,Harvey Specter,0.473529,1,0,0.474325
S02E02,2,2,Jessica Pearson,0.436456,2,-1,0.35983
S02E02,2,2,Daniel Hardman,0.411632,3,1,0.381905
S02E02,2,2,Louis Litt,0.231046,4,-2,0.171028
S02E02,2,2,Mike Ross,0.231046,4,-1,0.28552
S02E02,2,2,Rachel Zane,0.231046,4,0,0.240737
S02E02,2,2,Donna Paulsen,0.054803,7,-2,0.063828
S02E02,2,2,Norma,0.054803,7,-3,0.021394
S02E02,2,2,Jenny Griffith,0.002941,9,1,0.062749
S02E03,2,3,Harvey Specter,0.47619,1,0,0.487684
S02E03,2,3,Daniel Hardman,0.407012,2,-2,0.337199
S02E03,2,3,Jessica Pearson,0.305498,3,-3,0.277982
S02E03,2,3,Rachel Zane,0.276025,4,-3,0.170111
S02E03,2,3,Mike Ross,0.248974,5,2,0.240887
S02E03,2,3,Louis Litt,0.170791,6,4,0.261625
S02E03,2,3,Harold Gunderson,0.126662,7,0,0.074087
S02E03,2,3,Sheila Sazs,0.126662,7,-2,0.108075
S02E03,2,3,Donna Paulsen,0.073975,9,4,0.105022
S02E03,2,3,Norma,0.004762,10,3,0.020942
S02E04,2,4,Harvey Specter,0.513333,1,0,0.516435
S02E04,2,4,Louis Litt,0.383039,2,-2,0.234102
S02E04,2,4,Mike Ross,0.242641,3,-3,0.178935
S02E04,2,4,Daniel Hardman,0.192953,4,-1,0.216138
S02E04,2,4,Donna Paulsen,0.186287,5,3,0.196189
S02E04,2,4,Jessica Pearson,0.091991,6,3,0.185249
S02E04,2,4,Harold Gunderson,0.085324,7,0,0.071749
S02E04,2,4,Jenny Griffith,0.003333,8,1,0.047737
S02E04,2,4,Thomas Kessler,0.003333,8,-1,0.00371
S02E05,2,5,Harvey Specter,0.559783,1,-1,0.499468
S02E05,2,5,Donna Paulsen,0.328305,2,-2,0.256619
S02E05,2,5,Jessica Pearson,0.158257,3,-2,0.158091
S02E05,2,5,Louis Litt,0.148475,4,3,0.335142
S02E05,2,5,Daniel Hardman,0.04845,5,2,0.176391
S02E05,2,5,Mike Ross,0.045189,6,0,0.16772
S02E05,2,5,Harold Gunderson,0.003261,7,1,0.101305
S02E05,2,5,Norma,0.003261,7,-3,0.03641
S02E05,2,5,Rachel Zane,0.003261,7,-1,0.137973
S02E06,2,6,Louis Litt,0.473913,1,-2,0.278386
S02E06,2,6,Harvey Specter,0.425287,2,1,0.507342
S02E06,2,6,Daniel Hardman,0.287769,3,-2,0.169483
S02E06,2,6,Donna Paulsen,0.255265,4,2,0.272727
S02E06,2,6,Jessica Pearson,0.224025,5,1,0.190484
S02E06,2,6,Harold Gunderson,0.215329,6,-2,0.09059
S02E06,2,6,Mike Ross,0.215329,6,0,0.113115
S02E06,2,6,Rachel Zane,0.134633,8,1,0.048863
S02E06,2,6,Thomas Kessler,0.004348,9,-1,0.003285
S02E06,2,6,Zoe Lawford,0.004348,9,1,0.004348
S02E07,2,7,Harvey Specter,0.536957,1,-2,0.449623
S02E07,2,7,Donna Paulsen,0.234612,2,-4,0.2194
S02E07,2,7,Louis Litt,0.212769,3,1,0.364294
S02E07,2,7,Jessica Pearson,0.189171,4,3,0.292494
S02E07,2,7,Daniel Hardman,0.172229,5,1,0.251234
S02E07,2,7,Mike Ross,0.078828,6,1,0.172251
S02E07,2,7,Rachel Zane,0.008696,7,-2,0.082532
S02E07,2,7,Zoe Lawford,0.004348,8,1,0.048544
S02E08,2,8,Jessica Pearson,0.464286,1,-2,0.319345
S02E08,2,8,Louis Litt,0.4062,2,1,0.367958
S02E08,2,8,Harvey Specter,0.386624,3,1,0.452948
S02E08,2,8,Daniel Hardman,0.293704,4,0,0.249246
S02E08,2,8,Mike Ross,0.222597,5,-2,0.1417
S02E08,2,8,Donna Paulsen,0.168324,6,0,0.201112
S02E08,2,8,Jenny Griffith,0.136936,7,0,0.047991
S02E08,2,8,Zoe Lawford,0.136936,7,0,0.087395
S02E08,2,8,Rachel Zane,0.104268,9,4,0.111625
S02E08,2,8,Norma,0.101207,10,1,0.036709
S02E08,2,8,Trevor Evans,0.101207,10,-1,0.071635
S02E08,2,8,Dana Scott,0.003061,12,6,0.164772
S02E08,2,8,Robert Zane,0.003061,12,8,0.101117
S02E09,2,9,Louis Litt,0.484906,1,-2,0.358075
S02E09,2,9,Harvey Specter,0.435262,2,1,0.435867
S02E09,2,9,Jessica Pearson,0.304577,3,-3,0.264691
S02E09,2,9,Daniel Hardman,0.281804,4,2,0.312255
S02E09,2,9,Rachel Zane,0.22191,5,0,0.136132
S02E09,2,9,Donna Paulsen,0.200401,6,-1,0.129631
S02E09,2,9,Mike Ross,0.123676,7,3,0.170336
S02E09,2,9,Harold Gunderson,0.053179,8,3,0.166778
S02E09,2,9,Norma,0.00566,9,-2,0.036721
S02E09,2,9,Esther Litt,0.00283,10,2,0.00312
S02E10,2,10,Harvey Specter,0.485714,1,0,0.473292
S02E10,2,10,Daniel Hardman,0.361258,2,-1,0.295699
S02E10,2,10,Louis Litt,0.183118,3,-1,0.296283
S02E10,2,10,Mike Ross,0.164734,4,2,0.20384
S02E10,2,10,Rachel Zane,0.082218,5,-2,0.141677
S02E10,2,10,Jessica Pearson,0.02521,6,0,0.151329
S02E10,2,10,Donna Paulsen,0.020168,7,-2,0.103352
S02E11,2,11,Harvey Specter,0.498901,1,0,0.490524
S02E11,2,11,Mike Ross,0.323109,2,-2,0.248326
S02E11,2,11,Daniel Hardman,0.244035,3,0,0.316137
S02E11,2,11,Louis Litt,0.220826,4,2,0.25976
S02E11,2,11,Katrina Bennett,0.176721,5,3,0.262716
S02E11,2,11,Jessica Pearson,0.124199,6,0,0.101351
S02E11,2,11,Rachel Zane,0.120902,7,-1,0.091122
S02E11,2,11,Zoe Lawford,0.120902,7,-1,0.109362
S02E11,2,11,Donna Paulsen,0.089488,9,2,0.075513
S02E11,2,11,Sheila Sazs,0.089488,9,0,0.112644
S02E11,2,11,Jack Soloff,0.003297,11,2,0.002501
S02E12,2,12,Harvey Specter,0.486956,1,0,0.485029
S02E12,2,12,Louis Litt,0.375337,2,-3,0.293821
S02E12,2,12,Daniel Hardman,0.343118,3,-4,0.268133
S02E12,2,12,Mike Ross,0.257136,4,-4,0.230797
S02E12,2,12,Harold Gunderson,0.231826,5,-5,0.095954
S02E12,2,12,Jessica Pearson,0.154644,6,-3,0.114641
S02E12,2,12,Donna Paulsen,0.116884,7,4,0.17212
S02E12,2,12,Rachel Zane,0.070247,8,2,0.15442
S02E12,2,12,Zoe Lawford,0.070247,8,-2,0.079135
S02E12,2,12,Thomas Kessler,0.002174,10,-2,0.002659
S02E13,2,13,Harvey Specter,0.469231,1,-1,0.445216
S02E13,2,13,Katrina Bennett,0.348712,2,-3,0.255958
S02E13,2,13,Donna Paulsen,0.309988,3,-3,0.193919
S02E13,2,13,Robert Zane,0.296802,4,-4,0.10206
S02E13,2,13,Louis Litt,0.285299,5,1,0.305316
S02E13,2,13,Rachel Zane,0.272112,6,-1,0.131275
S02E13,2,13,Daniel Hardman,0.217246,7,5,0.313275
S02E13,2,13,Mike Ross,0.112145,8,3,0.191005
S02E13,2,13,Benjamin,0.06508,9,1,0.041169
S02E13,2,13,Jessica Pearson,0.06508,9,8,0.234996
S02E13,2,13,Anita Gibbs,0.003297,11,1,0.043904
S02E13,2,13,Norma,0.003297,11,1,0.003938
S02E14,2,14,Jessica Pearson,0.485263,1,-1,0.30217
S02E14,2,14,Daniel Hardman,0.37946,2,-1,0.303299
S02E14,2,14,Harvey Specter,0.37946,2,1,0.441945
S02E14,2,14,Louis Litt,0.255313,4,-4,0.230101
S02E14,2,14,Mike Ross,0.203734,5,-2,0.163585
S02E14,2,14,Donna Paulsen,0.154884,6,-4,0.15591
S02E14,2,14,Rachel Zane,0.051466,7,3,0.201023
S02E14,2,14,Robert Zane,0.006316,8,-3,0.10302
S02E15,2,15,Harvey Specter,0.477143,1,0,0.452531
S02E15,2,15,Jessica Pearson,0.356167,2,-2,0.351137
S02E15,2,15,Daniel Hardman,0.313191,3,-4,0.267702
S02E15,2,15,Rachel Zane,0.279491,4,-1,0.169632
S02E15,2,15,Katrina Bennett,0.242442,5,-2,0.198756
S02E15,2,15,Dana Scott,0.200841,6,3,0.144279
S02E15,2,15,Mike Ross,0.174875,7,1,0.184526
S02E15,2,15,Louis Litt,0.149691,8,6,0.221819
S02E15,2,15,Sheila Sazs,0.121781,9,2,0.107241
S02E15,2,15,Donna Paulsen,0.002857,10,1,0.088408
S02E15,2,15,Harold Gunderson,0.002857,10,-3,0.079218
S02E15,2,15,Norma,0.002857,10,1,0.004324
S02E16,2,16,Harvey Specter,0.50099,1,0,0.500287
S02E16,2,16,Louis Litt,0.260454,2,-2,0.179232
S02E16,2,16,Dana Scott,0.228934,3,-3,0.17752
S02E16,2,16,Jessica Pearson,0.211982,4,2,0.288633
S02E16,2,16,Rachel Zane,0.17794,5,-2,0.168295
S02E16,2,16,Mike Ross,0.17497,6,3,0.166703
S02E16,2,16,Daniel Hardman,0.110454,7,-2,0.143488
S02E16,2,16,Sheila Sazs,0.110454,7,2,0.134749
S02E16,2,16,Donna Paulsen,0.107483,9,5,0.079297
S02E16,2,16,Zoe Lawford,0.046255,10,0,0.058251
S02E16,2,16,Robert Zane,0.005941,11,4,0.028022
S02E16,2,16,Trevor Evans,0.005941,11,8,0.096871
S02E16,2,16,Harold Gunderson,0.00297,13,5,0.016407
S03E01,3,1,Harvey Specter,0.522727,1,0,0.507527
S03E01,3,1,Jessica Pearson,0.29775,2,-2,0.25757
S03E01,3,1,Mike Ross,0.150264,3,0,0.233758
S03E01,3,1,Donna Paulsen,0.12755,4,-1,0.138413
S03E01,3,1,Louis Litt,0.12755,4,2,0.256449
S03E01,3,1,Dana Scott,0.102785,6,2,0.182517
S03E01,3,1,Rachel Zane,0.047453,7,1,0.113615
S03E01,3,1,Benjamin,0.044044,8,-2,0.03726
S03E01,3,1,Daniel Hardman,0.006818,9,1,0.04048
S03E01,3,1,Norma,0.006818,9,0,0.004196
S03E02,3,2,Harvey Specter,0.498863,1,0,0.520465
S03E02,3,2,Louis Litt,0.381344,2,-1,0.231553
S03E02,3,2,Mike Ross,0.376041,3,1,0.254795
S03E02,3,2,Jessica Pearson,0.262979,4,-3,0.227934
S03E02,3,2,Donna Paulsen,0.180205,5,0,0.150457
S03E02,3,2,Rachel Zane,0.115453,6,0,0.096297
S03E02,3,2,Katrina Bennett,0.005114,7,4,0.14444
S03E02,3,2,Esther Litt,0.003409,8,1,0.00404
S03E02,3,2,Jack Soloff,0.001705,9,1,0.014508
S03E03,3,3,Harvey Specter,0.539806,1,-1,0.514124
S03E03,3,3,Mike Ross,0.238081,2,-2,0.273449
S03E03,3,3,Katrina Bennett,0.185765,3,-2,0.11586
S03E03,3,3,Louis Litt,0.185765,3,2,0.358172
S03E03,3,3,Donna Paulsen,0.143616,5,-2,0.109175
S03E03,3,3,Rachel Zane,0.125985,6,0,0.098998
S03E03,3,3,Jessica Pearson,0.123073,7,4,0.19866
S03E03,3,3,Harold Gunderson,0.043393,8,2,0.08525
S03E03,3,3,Norma,0.002913,9,1,0.035117
S03E04,3,4,Louis Litt,0.507407,1,-5,0.272031
S03E04,3,4,Harvey Specter,0.503704,2,1,0.513114
S03E04,3,4,Jessica Pearson,0.209929,3,-2,0.153364
S03E04,3,4,Mike Ross,0.206225,4,2,0.299581
S03E04,3,4,Katrina Bennett,0.1567,5,-3,0.115544
S03E04,3,4,Rachel Zane,0.055555,6,2,0.128025
S03E04,3,4,Donna Paulsen,0.003704,7,4,0.174246
S03E04,3,4,Jenny Griffith,0.003704,7,-3,0.04789
S03E05,3,5,Harvey Specter,0.495833,1,0,0.513571
S03E05,3,5,Mike Ross,0.454437,2,-2,0.270186
S03E05,3,5,Donna Paulsen,0.375417,3,1,0.225297
S03E05,3,5,Rachel Zane,0.202534,4,-2,0.10799
S03E05,3,5,Jessica Pearson,0.127089,5,0,0.149536
S03E05,3,5,Louis Litt,0.122922,6,-1,0.21207
S03E05,3,5,Robert Zane,0.071809,7,0,0.051514
S03E05,3,5,Daniel Hardman,0.004167,8,1,0.005622
S03E05,3,5,Katrina Bennett,0.004167,8,-1,0.054612
S03E06,3,6,Harvey Specter,0.541176,1,0,0.504746
S03E06,3,6,Donna Paulsen,0.29677,2,-3,0.310349
S03E06,3,6,Trevor Evans,0.183465,3,-6,0.066166
S03E06,3,6,Mike Ross,0.149897,4,-3,0.244512
S03E06,3,6,Jessica Pearson,0.11159,5,1,0.173445
S03E06,3,6,Rachel Zane,0.06588,6,3,0.193608
S03E06,3,6,Daniel Hardman,0.005882,7,-2,0.00434
S03E06,3,6,Esther Litt,0.005882,7,-2,0.004867
S03E06,3,6,Louis Litt,0.005882,7,5,0.191663
S03E07,3,7,Harvey Specter,0.477228,1,0,0.506135
S03E07,3,7,Louis Litt,0.446186,2,0,0.268065
S03E07,3,7,Rachel Zane,0.312411,3,-2,0.177331
S03E07,3,7,Jessica Pearson,0.281657,4,-2,0.169186
S03E07,3,7,Donna Paulsen,0.258859,5,1,0.247917
S03E07,3,7,Harold Gunderson,0.209388,6,4,0.201636
S03E07,3,7,Mike Ross,0.129203,7,0,0.0947
S03E07,3,7,Norma,0.09562,8,1,0.034511
S03E07,3,7,Daniel Hardman,0.00297,9,0,0.004786
S03E07,3,7,Katrina Bennett,0.00297,9,0,0.004214
S03E08,3,8,Harvey Specter,0.5,1,0,0.487516
S03E08,3,8,Harold Gunderson,0.352127,2,-8,0.203977
S03E08,3,8,Louis Litt,0.352127,2,0,0.404034
S03E08,3,8,Donna Paulsen,0.188121,4,-3,0.17459
S03E08,3,8,Rachel Zane,0.153702,5,0,0.208687
S03E08,3,8,Jessica Pearson,0.114311,6,3,0.224071
S03E08,3,8,Mike Ross,0.005,7,1,0.071249
S03E08,3,8,Norma,0.005,7,-3,0.034425
S03E09,3,9,Harvey Specter,0.485321,1,0,0.493353
S03E09,3,9,Louis Litt,0.413789,2,-5,0.302473
S03E09,3,9,Jessica Pearson,0.276244,3,-1,0.199284
S03E09,3,9,Dana Scott,0.215832,4,1,0.200183
S03E09,3,9,Rachel Zane,0.159948,5,-1,0.158519
S03E09,3,9,Mike Ross,0.079544,6,4,0.124414
S03E09,3,9,Donna Paulsen,0.076791,7,-3,0.120083
S03E09,3,9,Robert Zane,0.076791,7,-2,0.082064
S03E09,3,9,Daniel Hardman,0.005505,9,3,0.045393
S03E09,3,9,Katrina Bennett,0.005505,9,-2,0.003577
S03E10,3,10,Harvey Specter,0.494737,1,0,0.489223
S03E10,3,10,Mike Ross,0.288698,2,0,0.253267
S03E10,3,10,Dana Scott,0.281931,3,0,0.251665
S03E10,3,10,Jessica Pearson,0.207296,4,-1,0.237263
S03E10,3,10,Sheila Sazs,0.172011,5,2,0.179899
S03E10,3,10,Rachel Zane,0.161907,6,-2,0.14514
S03E10,3,10,Louis Litt,0.141503,7,1,0.248326
S03E10,3,10,Brian Altman,0.119485,8,-2,0.044705
S03E10,3,10,Robert Zane,0.097593,9,3,0.099514
S03E10,3,10,Donna Paulsen,0.095337,10,3,0.10477
S03E10,3,10,Katrina Bennett,0.002256,11,6,0.073949
S03E11,3,11,Harvey Specter,0.48761,1,-1,0.46176
S03E11,3,11,Mike Ross,0.39156,2,-1,0.360054
S03E11,3,11,Dana Scott,0.257233,3,-3,0.222289
S03E11,3,11,Sheila Sazs,0.257233,3,-1,0.210743
S03E11,3,11,Jessica Pearson,0.228248,5,1,0.223491
S03E11,3,11,Louis Litt,0.189685,6,5,0.272012
S03E11,3,11,Donna Paulsen,0.142182,7,-1,0.111705
S03E11,3,11,Rachel Zane,0.113565,8,3,0.136412
S03E11,3,11,Esther Litt,0.00531,9,0,0.004488
S03E11,3,11,Benjamin,0.002655,10,3,0.041203
S03E11,3,11,Norma,0.002655,10,1,0.004438
S03E12,3,12,Louis Litt,0.484848,1,-1,0.381259
S03E12,3,12,Harvey Specter,0.402933,2,1,0.46514
S03E12,3,12,Mike Ross,0.399903,3,-2,0.306291
S03E12,3,12,Jessica Pearson,0.234929,4,0,0.211201
S03E12,3,12,Rachel Zane,0.133765,5,-3,0.083256
S03E12,3,12,Dana Scott,0.127704,6,3,0.227189
S03E12,3,12,Daniel Hardman,0.127704,6,-4,0.045661
S03E12,3,12,Donna Paulsen,0.097597,8,3,0.122397
S03E12,3,12,Trevor Evans,0.009091,9,3,0.125117
S03E12,3,12,Jenny Griffith,0.00303,10,-3,0.003202
S03E13,3,13,Harvey Specter,0.504878,1,-1,0.391366
S03E13,3,13,Louis Litt,0.469245,2,1,0.484069
S03E13,3,13,Dana Scott,0.296631,3,-5,0.163057
S03E13,3,13,Jessica Pearson,0.170425,4,-1,0.191922
S03E13,3,13,Donna Paulsen,0.127411,5,-2,0.119906
S03E13,3,13,Mike Ross,0.127411,5,-1,0.22524
S03E13,3,13,Benjamin,0.07691,7,-4,0.027074
S03E13,3,13,Rachel Zane,0.002439,8,5,0.116208
S03E14,3,14,Louis Litt,0.498113,1,0,0.483968
S03E14,3,14,Harvey Specter,0.266287,2,-1,0.359275
S03E14,3,14,Rachel Zane,0.212419,3,-6,0.100567
S03E14,3,14,Sheila Sazs,0.202984,4,-4,0.192552
S03E14,3,14,Jessica Pearson,0.170413,5,1,0.191414
S03E14,3,14,Mike Ross,0.148407,6,4,0.204077
S03E14,3,14,Donna Paulsen,0.13471,7,0,0.144459
S03E14,3,14,Dana Scott,0.064836,8,3,0.191851
S03E14,3,14,Norma,0.00566,9,-2,0.003206
S03E14,3,14,Daniel Hardman,0.003774,10,-1,0.044735
S03E15,3,15,Louis Litt,0.484545,1,-3,0.399807
S03E15,3,15,Mike Ross,0.336414,2,-1,0.29654
S03E15,3,15,Harvey Specter,0.30666,3,2,0.349106
S03E15,3,15,Jessica Pearson,0.233403,4,-4,0.158894
S03E15,3,15,Dana Scott,0.214085,5,0,0.163547
S03E15,3,15,Katrina Bennett,0.214085,5,-2,0.087623
S03E15,3,15,Donna Paulsen,0.171255,7,1,0.149642
S03E15,3,15,Sheila Sazs,0.117439,8,4,0.174282
S03E15,3,15,Rachel Zane,0.086842,9,2,0.135615
S03E15,3,15,Harold Gunderson,0.050415,10,8,0.273864
S03E15,3,15,Daniel Hardman,0.002727,11,2,0.003427
S03E16,3,16,Harvey Specter,0.47437,1,0,0.426735
S03E16,3,16,Harold Gunderson,0.419051,2,-6,0.196556
S03E16,3,16,Mike Ross,0.404799,3,1,0.395548
S03E16,3,16,Louis Litt,0.216762,4,1,0.308112
S03E16,3,16,Dana Scott,0.211721,5,-3,0.175866
S03E16,3,16,Donna Paulsen,0.142962,6,2,0.177429
S03E16,3,16,Rachel Zane,0.107585,7,1,0.124665
S03E16,3,16,Jessica Pearson,0.072865,8,3,0.16898
S03E16,3,16,Daniel Hardman,0.003781,9,1,0.004649
S04E01,4,1,Harvey Specter,0.499174,1,-1,0.470517
S04E01,4,1,Mike Ross,0.44543,2,-3,0.324221
S04E01,4,1,Louis Litt,0.223029,3,2,0.307289
S04E01,4,1,Donna Paulsen,0.218071,4,-2,0.127892
S04E01,4,1,Jessica Pearson,0.200671,5,2,0.151567
S04E01,4,1,Rachel Zane,0.179569,6,2,0.138416
S04E01,4,1,Katrina Bennett,0.046527,7,0,0.12462
S04E01,4,1,Daniel Hardman,0.007438,8,1,0.004916
S04E02,4,2,Louis Litt,0.482075,1,-1,0.391291
S04E02,4,2,Harvey Specter,0.438007,2,-2,0.419287
S04E02,4,2,Jessica Pearson,0.181164,3,0,0.245543
S04E02,4,2,Rachel Zane,0.128095,4,-2,0.147634
S04E02,4,2,Mike Ross,0.122435,5,4,0.350857
S04E02,4,2,Donna Paulsen,0.022642,6,1,0.154129
S04E03,4,3,Mike Ross,0.484706,1,-1,0.328759
S04E03,4,3,Louis Litt,0.46877,2,-1,0.442602
S04E03,4,3,Jessica Pearson,0.354795,3,-6,0.191666
S04E03,4,3,Harvey Specter,0.320681,4,3,0.413041
S04E03,4,3,Donna Paulsen,0.221675,5,-3,0.095177
S04E03,4,3,Rachel Zane,0.135239,6,1,0.118825
S04E03,4,3,Daniel Hardman,0.003529,7,-2,0.016857
S04E04,4,4,Harvey Specter,0.480435,1,0,0.423857
S04E04,4,4,Mike Ross,0.379136,2,0,0.436373
S04E04,4,4,Louis Litt,0.376962,3,0,0.394836
S04E04,4,4,Sheila Sazs,0.202424,4,-5,0.107379
S04E04,4,4,Rachel Zane,0.093142,5,1,0.17825
S04E04,4,4,Sean Cahill,0.093142,5,-2,0.103201
S04E04,4,4,Charles Forstman,0.069699,7,-1,0.129291
S04E04,4,4,Donna Paulsen,0.041213,8,3,0.170266
S04E04,4,4,Jessica Pearson,0.039039,9,3,0.207233
S04E04,4,4,Brian Altman,0.006522,10,1,0.055446
S04E05,4,5,Harvey Specter,0.470454,1,0,0.4771
S04E05,4,5,Mike Ross,0.445276,2,0,0.413394
S04E05,4,5,Louis Litt,0.338776,3,-2,0.325369
S04E05,4,5,Rachel Zane,0.306369,4,0,0.220476
S04E05,4,5,Donna Paulsen,0.24791,5,-2,0.157351
S04E05,4,5,Jessica Pearson,0.227865,6,0,0.165636
S04E05,4,5,Sean Cahill,0.21129,7,-1,0.138346
S04E05,4,5,Charles Forstman,0.188883,8,5,0.182312
S04E05,4,5,Esther Litt,0.002273,9,0,0.003089
S04E05,4,5,Sheila Sazs,0.002273,9,0,0.069263
S04E06,4,6,Harvey Specter,0.480412,1,-2,0.432539
S04E06,4,6,Mike Ross,0.41577,2,1,0.44563
S04E06,4,6,Charles Forstman,0.288353,3,-3,0.229795
S04E06,4,6,Rachel Zane,0.261917,4,0,0.295391
S04E06,4,6,Louis Litt,0.26037,5,3,0.323548
S04E06,4,6,Jessica Pearson,0.230004,6,1,0.239147
S04E06,4,6,Donna Paulsen,0.182929,7,-1,0.176265
S04E06,4,6,Sean Cahill,0.110607,8,4,0.214458
S04E06,4,6,Sheila Sazs,0.003093,9,2,0.046244
S04E07,4,7,Mike Ross,0.475843,1,-2,0.434279
S04E07,4,7,Louis Litt,0.371499,2,0,0.348133
S04E07,4,7,Harvey Specter,0.346752,3,2,0.431663
S04E07,4,7,Rachel Zane,0.317888,4,-2,0.258356
S04E07,4,7,Jessica Pearson,0.259572,5,-4,0.187143
S04E07,4,7,Charles Forstman,0.212148,6,1,0.258181
S04E07,4,7,Sheila Sazs,0.133366,7,-3,0.059834
S04E07,4,7,Donna Paulsen,0.097957,8,0,0.124324
S04E07,4,7,Esther Litt,0.001685,9,0,0.002044
S04E08,4,8,Harvey Specter,0.467826,1,0,0.428544
S04E08,4,8,Louis Litt,0.41253,2,0,0.415729
S04E08,4,8,Mike Ross,0.411225,3,-3,0.377724
S04E08,4,8,Sean Cahill,0.321478,4,-1,0.257484
S04E08,4,8,Charles Forstman,0.274042,5,1,0.283466
S04E08,4,8,Rachel Zane,0.195264,6,-2,0.209705
S04E08,4,8,Katrina Bennett,0.113249,7,-3,0.053697
S04E08,4,8,Donna Paulsen,0.092086,8,1,0.102441
S04E08,4,8,Jessica Pearson,0.071853,9,6,0.232316
S04E08,4,8,Sheila Sazs,0.043042,10,5,0.121163
S04E08,4,8,Norma,0.001304,11,1,0.012855
S04E09,4,9,Harvey Specter,0.471053,1,-1,0.426339
S04E09,4,9,Louis Litt,0.463158,2,1,0.457211
S04E09,4,9,Jessica Pearson,0.365523,3,0,0.249009
S04E09,4,9,Charles Forstman,0.364207,4,-6,0.2132
S04E09,4,9,Sean Cahill,0.340367,5,0,0.289354
S04E09,4,9,Mike Ross,0.246103,6,2,0.314945
S04E09,4,9,Donna Paulsen,0.11728,7,0,0.106889
S04E09,4,9,Rachel Zane,0.115964,8,-1,0.114338
S04E09,4,9,Daniel Hardman,0.039605,9,-2,0.024429
S04E09,4,9,Katrina Bennett,0.001316,10,2,0.063503
S04E10,4,10,Louis Litt,0.495946,1,0,0.492165
S04E10,4,10,Harvey Specter,0.340138,2,-1,0.358215
S04E10,4,10,Jessica Pearson,0.309651,3,1,0.314325
S04E10,4,10,Mike Ross,0.287507,4,0,0.251241
S04E10,4,10,Sheila Sazs,0.187082,5,-8,0.077191
S04E10,4,10,Robert Zane,0.124157,6,0,0.118023
S04E10,4,10,Donna Paulsen,0.111301,7,0,0.119334
S04E10,4,10,Katrina Bennett,0.075945,8,-1,0.049806
S04E10,4,10,Rachel Zane,0.031785,9,4,0.096821
S04E10,4,10,Charles Forstman,0.001352,10,-1,0.131904
S04E10,4,10,Kyle Durant,0.001352,10,2,0.087105
S04E11,4,11,Louis Litt,0.517391,1,0,0.507561
S04E11,4,11,Jessica Pearson,0.267801,2,-1,0.273774
S04E11,4,11,Harvey Specter,0.263453,3,1,0.339859
S04E11,4,11,Mike Ross,0.220113,4,0,0.235369
S04E11,4,11,Rachel Zane,0.142714,5,0,0.095592
S04E11,4,11,Robert Zane,0.13232,6,-3,0.086217
S04E11,4,11,Donna Paulsen,0.129422,7,0,0.107296
S04E11,4,11,Dana Scott,0.101793,8,1,0.14705
S04E11,4,11,Katrina Bennett,0.072157,9,1,0.051237
S04E11,4,11,Norma,0.031602,10,1,0.011721
S04E11,4,11,Charles Forstman,0.030153,11,9,0.151726
S04E11,4,11,Daniel Hardman,0.030153,11,6,0.060678
S04E11,4,11,Sheila Sazs,0.001449,13,8,0.123384
S04E12,4,12,Louis Litt,0.509346,1,0,0.507463
S04E12,4,12,Harvey Specter,0.415987,2,0,0.354244
S04E12,4,12,Jessica Pearson,0.24387,3,-4,0.211662
S04E12,4,12,Mike Ross,0.198487,4,1,0.246089
S04E12,4,12,Daniel Hardman,0.112277,5,0,0.119098
S04E12,4,12,Rachel Zane,0.112277,5,-4,0.085722
S04E12,4,12,Donna Paulsen,0.081165,7,3,0.158099
S04E12,4,12,Katrina Bennett,0.005608,8,0,0.027371
S04E13,4,13,Louis Litt,0.495652,1,-1,0.487882
S04E13,4,13,Harvey Specter,0.383293,2,1,0.423068
S04E13,4,13,Mike Ross,0.319668,3,0,0.304503
S04E13,4,13,Donna Paulsen,0.26371,4,-1,0.211096
S04E13,4,13,Daniel Hardman,0.214865,5,-3,0.139401
S04E13,4,13,Trevor Evans,0.182794,6,-3,0.079066
S04E13,4,13,Jessica Pearson,0.123316,7,3,0.243632
S04E13,4,13,Katrina Bennett,0.004348,8,0,0.018638
S04E13,4,13,Esther Litt,0.002174,9,-1,0.001789
S04E13,4,13,Rachel Zane,0.002174,9,3,0.096941
S04E13,4,13,Robert Zane,0.002174,9,0,0.077499
S04E14,4,14,Harvey Specter,0.469925,1,0,0.448648
S04E14,4,14,Louis Litt,0.458647,2,-1,0.425581
S04E14,4,14,Mike Ross,0.395354,3,-2,0.313421
S04E14,4,14,Jessica Pearson,0.363709,4,0,0.243173
S04E14,4,14,Donna Paulsen,0.288413,5,3,0.343523
S04E14,4,14,Rachel Zane,0.176371,6,-1,0.060424
S04E14,4,14,Dana Scott,0.127636,7,-2,0.077481
S04E14,4,14,Daniel Hardman,0.091061,8,0,0.119459
S04E14,4,14,Norma,0.002256,9,3,0.050274
S04E15,4,15,Harvey Specter,0.492727,1,0,0.482438
S04E15,4,15,Donna Paulsen,0.478446,2,-2,0.351167
S04E15,4,15,Louis Litt,0.322443,3,0,0.364266
S04E15,4,15,Jessica Pearson,0.242493,4,-5,0.202681
S04E15,4,15,Mike Ross,0.22524,5,-3,0.240386
S04E15,4,15,Norma,0.116964,6,0,0.097179
S04E15,4,15,Rachel Zane,0.002727,7,0,0.115297
S04E16,4,16,Harvey Specter,0.484663,1,0,0.488276
S04E16,4,16,Charles Forstman,0.423674,2,-5,0.177342
S04E16,4,16,Louis Litt,0.311709,3,0,0.342769
S04E16,4,16,Donna Paulsen,0.286642,4,2,0.417006
S04E16,4,16,Sean Cahill,0.206217,5,-6,0.182747
S04E16,4,16,Norma,0.172316,6,0,0.133927
S04E16,4,16,Rachel Zane,0.166794,7,3,0.133272
S04E16,4,16,Mike Ross,0.100564,8,3,0.173297
S04E16,4,16,Jessica Pearson,0.00184,9,2,0.112553
S05E01,5,1,Harvey Specter,0.487437,1,0,0.479084
S05E01,5,1,Donna Paulsen,0.48593,2,-2,0.368227
S05E01,5,1,Louis Litt,0.394156,3,1,0.380117
S05E01,5,1,Rachel Zane,0.230295,4,-2,0.227289
S05E01,5,1,Mike Ross,0.194088,5,2,0.214967
S05E01,5,1,Norma,0.1125,6,-3,0.116219
S05E01,5,1,Jessica Pearson,0.093326,7,2,0.135003
S05E01,5,1,Jack Soloff,0.038523,8,1,0.091495
S05E01,5,1,Dana Scott,0.003015,9,0,0.044816
S05E01,5,1,Esther Litt,0.001508,10,7,0.141795
S05E02,5,2,Harvey Specter,0.465152,1,0,0.477378
S05E02,5,2,Louis Litt,0.434487,2,0,0.395708
S05E02,5,2,Mike Ross,0.350249,3,-3,0.245513
S05E02,5,2,Donna Paulsen,0.33211,4,0,0.34927
S05E02,5,2,Jessica Pearson,0.309844,5,0,0.203742
S05E02,5,2,Rachel Zane,0.284778,6,-3,0.173206
S05E02,5,2,Jack Soloff,0.234257,7,4,0.190323
S05E02,5,2,Harold Gunderson,0.120201,8,-3,0.192303
S05E02,5,2,Robert Zane,0.098002,9,2,0.096702
S05E02,5,2,Gretchen Bodinski,0.001515,10,2,0.021418
S05E03,5,3,Harvey Specter,0.479546,1,-1,0.465555
S05E03,5,3,Louis Litt,0.358482,2,1,0.422806
S05E03,5,3,Jack Soloff,0.298188,3,-6,0.17808
S05E03,5,3,Donna Paulsen,0.229771,4,-3,0.213971
S05E03,5,3,Jessica Pearson,0.208056,5,-4,0.173232
S05E03,5,3,Mike Ross,0.192203,6,1,0.249732
S05E03,5,3,Robert Zane,0.18993,7,3,0.215422
S05E03,5,3,Gretchen Bodinski,0.04132,8,-1,0.014877
S05E03,5,3,Rachel Zane,0.004546,9,3,0.164758
S05E04,5,4,Louis Litt,0.475449,1,-1,0.404056
S05E04,5,4,Harvey Specter,0.451968,2,1,0.472952
S05E04,5,4,Esther Litt,0.421703,3,-6,0.142336
S05E04,5,4,Robert Zane,0.358334,4,-8,0.183238
S05E04,5,4,Mike Ross,0.206745,5,-2,0.164329
S05E04,5,4,Rachel Zane,0.204949,6,0,0.126914
S05E04,5,4,Donna Paulsen,0.080032,7,3,0.195926
S05E04,5,4,Katrina Bennett,0.045957,8,0,0.03081
S05E04,5,4,Gretchen Bodinski,0.001796,9,-2,0.015005
S05E04,5,4,Jack Soloff,0.001796,9,6,0.216723
S05E04,5,4,Jessica Pearson,0.001796,9,4,0.13409
S05E05,5,5,Harvey Specter,0.487342,1,-1,0.448596
S05E05,5,5,Louis Litt,0.378236,2,1,0.444211
S05E05,5,5,Jack Soloff,0.350185,3,-1,0.209001
S05E05,5,5,Donna Paulsen,0.277976,4,-1,0.193168
S05E05,5,5,Jessica Pearson,0.192419,5,-1,0.13399
S05E05,5,5,Rachel Zane,0.171246,6,-1,0.171213
S05E05,5,5,Mike Ross,0.094038,7,4,0.215583
S05E05,5,5,Katrina Bennett,0.042126,8,-1,0.087607
S05E05,5,5,Dana Scott,0.003797,9,-1,0.004526
S05E05,5,5,Esther Litt,0.003797,9,5,0.249094
S05E05,5,5,Gretchen Bodinski,0.001899,11,2,0.017211
S05E06,5,6,Louis Litt,0.478947,1,0,0.443216
S05E06,5,6,Harvey Specter,0.406478,2,0,0.436885
S05E06,5,6,Mike Ross,0.345966,3,-4,0.190102
S05E06,5,6,Jack Soloff,0.275021,4,1,0.33296
S05E06,5,6,Donna Paulsen,0.221496,5,0,0.255476
S05E06,5,6,Jessica Pearson,0.207755,6,0,0.206265
S05E06,5,6,Rachel Zane,0.137444,7,-3,0.115932
S05E06,5,6,Daniel Hardman,0.05245,8,0,0.084168
S05E06,5,6,Gretchen Bodinski,0.047939,9,0,0.038388
S05E06,5,6,Dana Scott,0.006767,10,-1,0.004334
S05E07,5,7,Louis Litt,0.472464,1,-1,0.474196
S05E07,5,7,Harvey Specter,0.416836,2,1,0.432529
S05E07,5,7,Jack Soloff,0.373675,3,-5,0.237908
S05E07,5,7,Esther Litt,0.321781,4,-3,0.138861
S05E07,5,7,Donna Paulsen,0.266955,5,-1,0.227044
S05E07,5,7,Jessica Pearson,0.218621,6,1,0.235335
S05E07,5,7,Mike Ross,0.130301,7,4,0.288305
S05E07,5,7,Daniel Hardman,0.108993,8,-1,0.0543
S05E07,5,7,Gretchen Bodinski,0.065326,9,0,0.052859
S05E07,5,7,Rachel Zane,0.039106,10,6,0.164772
S05E07,5,7,Harold Gunderson,0.037657,11,0,0.080386
S05E07,5,7,Robert Zane,0.001449,12,5,0.179365
S05E08,5,8,Harvey Specter,0.474272,1,0,0.451916
S05E08,5,8,Louis Litt,0.471176,2,-1,0.439436
S05E08,5,8,Mike Ross,0.388649,3,-3,0.270175
S05E08,5,8,Rachel Zane,0.317766,4,-1,0.227267
S05E08,5,8,Jessica Pearson,0.279629,5,-2,0.25337
S05E08,5,8,Donna Paulsen,0.19268,6,-2,0.189831
S05E08,5,8,Esther Litt,0.091004,7,-3,0.152606
S05E08,5,8,Jack Soloff,0.065027,8,4,0.264051
S05E08,5,8,Daniel Hardman,0.001456,9,7,0.171374
S05E09,5,9,Harvey Specter,0.464641,1,0,0.481264
S05E09,5,9,Daniel Hardman,0.403672,2,-1,0.208497
S05E09,5,9,Louis Litt,0.374669,3,-2,0.348613
S05E09,5,9,Jack Soloff,0.35345,4,1,0.212947
S05E09,5,9,Rachel Zane,0.324928,5,-6,0.215044
S05E09,5,9,Mike Ross,0.291575,6,-2,0.251182
S05E09,5,9,Jessica Pearson,0.261861,7,5,0.276476
S05E09,5,9,Donna Paulsen,0.109857,8,-3,0.101659
S05E09,5,9,Gretchen Bodinski,0.045313,9,0,0.052704
S05E09,5,9,Trevor Evans,0.045313,9,3,0.10909
S05E09,5,9,Benjamin,0.001658,11,2,0.065255
S05E09,5,9,Sean Cahill,0.001658,11,1,0.070125
S05E10,5,10,Harvey Specter,0.504878,1,0,0.478875
S05E10,5,10,Jessica Pearson,0.287938,2,-1,0.275998
S05E10,5,10,Daniel Hardman,0.220364,3,-9,0.228375
S05E10,5,10,Jack Soloff,0.220364,3,-6,0.226919
S05E10,5,10,Louis Litt,0.199994,5,1,0.271992
S05E10,5,10,Trevor Evans,0.099163,6,-8,0.049036
S05E10,5,10,Charles Forstman,0.078199,7,-1,0.22231
S05E10,5,10,Mike Ross,0.073321,8,6,0.275141
S05E10,5,10,Gretchen Bodinski,0.047472,9,-4,0.032244
S05E10,5,10,Esther Litt,0.045033,10,1,0.059127
S05E10,5,10,Dana Scott,0.002439,11,0,0.02387
S05E10,5,10,Donna Paulsen,0.002439,11,5,0.112151
S05E10,5,10,Rachel Zane,0.002439,11,6,0.188244
S05E11,5,11,Harvey Specter,0.467105,1,-1,0.475401
S05E11,5,11,Mike Ross,0.460526,2,-1,0.326117
S05E11,5,11,Jessica Pearson,0.278196,3,-4,0.236401
S05E11,5,11,Louis Litt,0.241312,4,0,0.242149
S05E11,5,11,Rachel Zane,0.237365,5,-3,0.115972
S05E11,5,11,Donna Paulsen,0.224156,6,5,0.233561
S05E11,5,11,Robert Zane,0.178313,7,0,0.133996
S05E11,5,11,Charles Forstman,0.165058,8,0,0.082016
S05E11,5,11,Jack Soloff,0.106943,9,-1,0.110317
S05E11,5,11,Anita Gibbs,0.08451,10,4,0.080328
S05E11,5,11,Dana Scott,0.062404,11,0,0.022424
S05E11,5,11,Daniel Hardman,0.061088,12,1,0.094226
S05E11,5,11,Gretchen Bodinski,0.003947,13,1,0.017545
S05E11,5,11,Trevor Evans,0.002632,14,3,0.03434
S05E12,5,12,Donna Paulsen,0.474089,1,-9,0.264667
S05E12,5,12,Harvey Specter,0.45422,2,0,0.449526
S05E12,5,12,Mike Ross,0.444503,3,2,0.45501
S05E12,5,12,Louis Litt,0.28514,4,-1,0.273615
S05E12,5,12,Sheila Sazs,0.181621,5,-1,0.131296
S05E12,5,12,Anita Gibbs,0.153177,6,2,0.200247
S05E12,5,12,Jessica Pearson,0.143068,7,-1,0.193611
S05E12,5,12,Rachel Zane,0.108112,8,5,0.251574
S05E12,5,12,Norma,0.06384,9,-1,0.060251
S05E12,5,12,Jack Soloff,0.003644,10,3,0.105503
S05E12,5,12,Dana Scott,0.002429,11,3,0.0748
S05E12,5,12,Gretchen Bodinski,0.001215,12,1,0.002456
S05E13,5,13,Mike Ross,0.46,1,0,0.462107
S05E13,5,13,Harvey Specter,0.427252,2,-1,0.393406
S05E13,5,13,Rachel Zane,0.409245,3,-2,0.238439
S05E13,5,13,Anita Gibbs,0.363053,4,2,0.277493
S05E13,5,13,Louis Litt,0.294392,5,1,0.264748
S05E13,5,13,Sheila Sazs,0.210819,6,0,0.190869
S05E13,5,13,Jack Soloff,0.205921,7,-5,0.07129
S05E13,5,13,Dana Scott,0.159568,8,3,0.125491
S05E13,5,13,Jessica Pearson,0.159568,8,0,0.14138
S05E13,5,13,Donna Paulsen,0.095757,10,0,0.222949
S05E13,5,13,Daniel Hardman,0.001225,11,3,0.021701
S05E13,5,13,Trevor Evans,0.001225,11,4,0.055203
S05E14,5,14,Mike Ross,0.481818,1,0,0.475645
S05E14,5,14,Anita Gibbs,0.316249,2,-3,0.300918
S05E14,5,14,Harvey Specter,0.298746,3,1,0.399194
S05E14,5,14,Louis Litt,0.214711,4,1,0.26279
S05E14,5,14,Rachel Zane,0.197959,5,-1,0.261582
S05E14,5,14,Sheila Sazs,0.180167,6,-4,0.130794
S05E14,5,14,Trevor Evans,0.161752,7,0,0.081489
S05E14,5,14,Jessica Pearson,0.121503,8,1,0.11751
S05E14,5,14,Benjamin,0.117197,9,1,0.054135
S05E14,5,14,Donna Paulsen,0.099001,10,6,0.155575
S05E14,5,14,Harold Gunderson,0.0833,11,8,0.126538
S05E14,5,14,Jack Soloff,0.004306,12,2,0.099412
S05E14,5,14,Jenny Griffith,0.002871,13,0,0.00295
S05E15,5,15,Mike Ross,0.485116,1,0,0.479783
S05E15,5,15,Harvey Specter,0.471583,2,0,0.384542
S05E15,5,15,Louis Litt,0.279266,3,-3,0.239884
S05E15,5,15,Donna Paulsen,0.271968,4,-1,0.206541
S05E15,5,15,Anita Gibbs,0.223453,5,-3,0.242993
S05E15,5,15,Rachel Zane,0.177541,6,3,0.240995
S05E15,5,15,Jessica Pearson,0.071459,7,3,0.155515
S05E15,5,15,Charles Forstman,0.002791,8,-2,0.056783
S05E15,5,15,Daniel Hardman,0.002791,8,-3,0.001722
S05E15,5,15,Sheila Sazs,0.001395,10,-1,0.060904
S05E16,5,16,Mike Ross,0.472414,1,-2,0.426589
S05E16,5,16,Harvey Specter,0.383296,2,0,0.419529
S05E16,5,16,Rachel Zane,0.347484,3,-3,0.207862
S05E16,5,16,Jessica Pearson,0.273582,4,-1,0.167916
S05E16,5,16,Donna Paulsen,0.248653,5,1,0.238101
S05E16,5,16,Louis Litt,0.225674,6,5,0.334735
S05E16,5,16,Robert Zane,0.222226,7,0,0.187029
S05E16,5,16,Anita Gibbs,0.189278,8,1,0.162796
S05E16,5,16,Katrina Bennett,0.174737,9,0,0.120921
S05E16,5,16,Jack Soloff,0.088009,10,7,0.119283
S05E16,5,16,Daniel Hardman,0.001149,11,1,0.002147
S05E16,5,16,Sheila Sazs,0.001149,11,2,0.001629
S06E01,6,1,Louis Litt,0.499265,1,-5,0.295996
S06E01,6,1,Harvey Specter,0.403707,2,1,0.424834
S06E01,6,1,Mike Ross,0.322237,3,1,0.389412
S06E01,6,1,Donna Paulsen,0.193683,4,-4,0.193374
S06E01,6,1,Jessica Pearson,0.158708,5,0,0.218769
S06E01,6,1,Rachel Zane,0.09856,6,3,0.237193
S06E01,6,1,Anita Gibbs,0.075656,7,-4,0.102551
S06E01,6,1,Benjamin,0.043551,8,1,0.138727
S06E01,6,1,Esther Litt,0.041345,9,-2,0.029612
S06E01,6,1,Norma,0.004412,10,-2,0.037522
S06E01,6,1,Gretchen Bodinski,0.002206,11,2,0.029086
S06E02,6,2,Harvey Specter,0.4875,1,0,0.458473
S06E02,6,2,Mike Ross,0.373584,2,0,0.35366
S06E02,6,2,Jack Soloff,0.265535,3,-7,0.118283
S06E02,6,2,Rachel Zane,0.265535,3,-3,0.187618
S06E02,6,2,Jessica Pearson,0.224018,5,0,0.216123
S06E02,6,2,Louis Litt,0.163048,6,2,0.328399
S06E02,6,2,Robert Zane,0.160547,7,-2,0.128476
S06E02,6,2,Donna Paulsen,0.137786,8,5,0.225619
S06E02,6,2,Gretchen Bodinski,0.083837,9,2,0.040783
S06E02,6,2,Charles Forstman,0.0025,10,2,0.002641
S06E02,6,2,Daniel Hardman,0.0025,10,-1,0.001791
S06E02,6,2,Sean Cahill,0.0025,10,3,0.033924
S06E03,6,3,Harvey Specter,0.484211,1,-1,0.464383
S06E03,6,3,Mike Ross,0.36516,2,1,0.415336
S06E03,6,3,Donna Paulsen,0.345387,3,-3,0.218296
S06E03,6,3,Louis Litt,0.322885,4,-1,0.230031
S06E03,6,3,Jessica Pearson,0.265644,5,-2,0.175323
S06E03,6,3,Rachel Zane,0.198759,6,3,0.239341
S06E03,6,3,Sean Cahill,0.097615,7,3,0.104777
S06E03,6,3,Charles Forstman,0.002632,8,2,0.072818
S06E03,6,3,Stu Buzzini,0.002632,8,-1,0.002154
S06E04,6,4,Mike Ross,0.507263,1,-1,0.429108
S06E04,6,4,Harvey Specter,0.421438,2,1,0.464123
S06E04,6,4,Rachel Zane,0.253728,3,0,0.255833
S06E04,6,4,Sean Cahill,0.214216,4,-1,0.167766
S06E04,6,4,Louis Litt,0.20416,5,1,0.27564
S06E04,6,4,Donna Paulsen,0.171716,6,0,0.224023
S06E04,6,4,Gretchen Bodinski,0.036307,7,-2,0.040829
S06E04,6,4,Jessica Pearson,0.036307,7,-1,0.144986
S06E04,6,4,Leonard Bailey,0.001676,9,2,0.077149
S06E04,6,4,Stu Buzzini,0.001676,9,0,0.002217
S06E05,6,5,Harvey Specter,0.486719,1,-2,0.429119
S06E05,6,5,Mike Ross,0.414902,2,1,0.462227
S06E05,6,5,Rachel Zane,0.315012,3,-2,0.271518
S06E05,6,5,Louis Litt,0.299876,4,0,0.267585
S06E05,6,5,Sean Cahill,0.191466,5,3,0.283345
S06E05,6,5,Donna Paulsen,0.154965,6,-1,0.143496
S06E05,6,5,Leonard Bailey,0.152621,7,1,0.123118
S06E05,6,5,Jessica Pearson,0.133006,8,0,0.059663
S06E05,6,5,Gretchen Bodinski,0.002344,9,0,0.028738
S06E05,6,5,Sheila Sazs,0.002344,9,-2,0.001984
S06E05,6,5,Stu Buzzini,0.002344,9,0,0.017194
S06E06,6,6,Mike Ross,0.464516,1,-2,0.411005
S06E06,6,6,Sean Cahill,0.444354,2,-3,0.290655
S06E06,6,6,Harvey Specter,0.379201,3,2,0.446564
S06E06,6,6,Louis Litt,0.298719,4,2,0.322317
S06E06,6,6,Rachel Zane,0.245815,5,-3,0.240144
S06E06,6,6,Leonard Bailey,0.215058,6,0,0.196301
S06E06,6,6,Donna Paulsen,0.103807,7,3,0.172113
S06E06,6,6,Jessica Pearson,0.009677,8,1,0.101582
S06E07,6,7,Harvey Specter,0.473771,1,-1,0.424303
S06E07,6,7,Louis Litt,0.368355,2,-1,0.319268
S06E07,6,7,Mike Ross,0.353596,3,2,0.428831
S06E07,6,7,Donna Paulsen,0.257566,4,-4,0.12634
S06E07,6,7,Sean Cahill,0.236146,5,1,0.303983
S06E07,6,7,Leonard Bailey,0.221225,6,-1,0.183193
S06E07,6,7,Jessica Pearson,0.162064,7,2,0.106154
S06E07,6,7,Rachel Zane,0.159605,8,2,0.175111
S06E07,6,7,Gretchen Bodinski,0.047563,9,-1,0.017833
S06E07,6,7,Stu Buzzini,0.047563,9,3,0.070736
S06E07,6,7,Esther Litt,0.002459,11,1,0.015572
S06E07,6,7,Sheila Sazs,0.002459,11,2,0.01826
S06E08,6,8,Mike Ross,0.468382,1,0,0.441839
S06E08,6,8,Harvey Specter,0.419936,2,0,0.40215
S06E08,6,8,Louis Litt,0.290729,3,-4,0.274509
S06E08,6,8,Sean Cahill,0.231448,4,0,0.228315
S06E08,6,8,Jessica Pearson,0.146721,5,-1,0.164562
S06E08,6,8,Rachel Zane,0.119914,6,1,0.16037
S06E08,6,8,Leonard Bailey,0.113296,7,4,0.192819
S06E08,6,8,Donna Paulsen,0.017647,8,0,0.133204
S06E09,6,9,Mike Ross,0.50354,1,-4,0.410897
S06E09,6,9,Harvey Specter,0.312743,2,-2,0.363503
S06E09,6,9,Leonard Bailey,0.243935,3,0,0.255751
S06E09,6,9,Sean Cahill,0.21735,4,-6,0.164413
S06E09,6,9,Rachel Zane,0.201591,5,-2,0.155476
S06E09,6,9,Jessica Pearson,0.184901,6,5,0.265431
S06E09,6,9,Louis Litt,0.164442,7,5,0.301078
S06E09,6,9,Donna Paulsen,0.124399,8,0,0.093261
S06E09,6,9,Robert Zane,0.002655,9,0,0.082235
S06E10,6,10,Jessica Pearson,0.464671,1,-3,0.322223
S06E10,6,10,Louis Litt,0.448064,2,1,0.36049
S06E10,6,10,Leonard Bailey,0.410022,3,0,0.326978
S06E10,6,10,Harvey Specter,0.35783,4,1,0.345363
S06E10,6,10,Mike Ross,0.260769,5,3,0.379335
S06E10,6,10,Stu Buzzini,0.162301,6,-1,0.104653
S06E10,6,10,Rachel Zane,0.144922,7,0,0.171069
S06E10,6,10,Donna Paulsen,0.137737,8,2,0.155521
S06E10,6,10,Robert Zane,0.083504,9,4,0.098011
S06E10,6,10,Gretchen Bodinski,0.003593,10,2,0.072042
S06E11,6,11,Louis Litt,0.468965,1,-3,0.383131
S06E11,6,11,Mike Ross,0.373697,2,0,0.298741
S06E11,6,11,Harvey Specter,0.365517,3,2,0.421872
S06E11,6,11,Jessica Pearson,0.317097,4,-3,0.263682
S06E11,6,11,Robert Zane,0.207875,5,-4,0.118906
S06E11,6,11,Donna Paulsen,0.204426,6,3,0.19254
S06E11,6,11,Rachel Zane,0.166695,7,1,0.120391
S06E11,6,11,Gretchen Bodinski,0.164971,8,-1,0.05747
S06E11,6,11,Katrina Bennett,0.1459,9,0,0.122519
S06E11,6,11,Sean Cahill,0.044442,10,0,0.087905
S06E11,6,11,Anita Gibbs,0.042718,11,3,0.057128
S06E11,6,11,Oliver Grady,0.001724,12,7,0.04054
S06E12,6,12,Harvey Specter,0.542268,1,-2,0.441754
S06E12,6,12,Mike Ross,0.261758,2,0,0.356184
S06E12,6,12,Donna Paulsen,0.235457,3,-1,0.282396
S06E12,6,12,Louis Litt,0.232365,4,3,0.383777
S06E12,6,12,Oliver Grady,0.079357,5,-1,0.129476
S06E12,6,12,Rachel Zane,0.049555,6,1,0.20008
S06E12,6,12,Jessica Pearson,0.009278,7,-1,0.142694
S06E13,6,13,Louis Litt,0.45,1,-2,0.344437
S06E13,6,13,Mike Ross,0.433096,2,1,0.388481
S06E13,6,13,Harvey Specter,0.417477,3,1,0.46351
S06E13,6,13,Donna Paulsen,0.407306,4,-2,0.305808
S06E13,6,13,Rachel Zane,0.383989,5,0,0.240832
S06E13,6,13,Oliver Grady,0.307347,6,2,0.225807
S06E13,6,13,Benjamin,0.255433,7,0,0.134151
S06E13,6,13,Anita Gibbs,0.05301,8,3,0.109832
S06E13,6,13,Gretchen Bodinski,0.003846,9,-1,0.057449
S06E13,6,13,Sean Cahill,0.001923,10,2,0.01751
S06E14,6,14,Mike Ross,0.470588,1,0,0.457874
S06E14,6,14,Harvey Specter,0.430786,2,-1,0.407937
S06E14,6,14,Louis Litt,0.350947,3,1,0.393652
S06E14,6,14,Oliver Grady,0.290718,4,-4,0.224991
S06E14,6,14,Rachel Zane,0.288953,5,0,0.311283
S06E14,6,14,Donna Paulsen,0.274662,6,2,0.333792
S06E14,6,14,Benjamin,0.10347,7,1,0.199328
S06E14,6,14,Jessica Pearson,0.101706,8,-3,0.037547
S06E14,6,14,Katrina Bennett,0.046919,9,-1,0.066114
S06E14,6,14,Gretchen Bodinski,0.003529,10,0,0.016325
S06E15,6,15,Mike Ross,0.469939,1,0,0.474467
S06E15,6,15,Louis Litt,0.380009,2,-1,0.3545
S06E15,6,15,Harvey Specter,0.375547,3,1,0.387194
S06E15,6,15,Donna Paulsen,0.319408,4,0,0.299538
S06E15,6,15,Rachel Zane,0.260908,5,-4,0.205376
S06E15,6,15,Benjamin,0.239082,6,-1,0.157734
S06E15,6,15,Stu Buzzini,0.104094,7,-1,0.119824
S06E15,6,15,Oliver Grady,0.076908,8,2,0.177056
S06E15,6,15,Sheila Sazs,0.049976,9,2,0.094271
S06E15,6,15,Katrina Bennett,0.005522,10,-2,0.017966
S06E16,6,16,Mike Ross,0.482873,1,-3,0.394015
S06E16,6,16,Harvey Specter,0.355248,2,1,0.401689
S06E16,6,16,Louis Litt,0.332544,3,1,0.390775
S06E16,6,16,Donna Paulsen,0.304544,4,1,0.329854
S06E16,6,16,Anita Gibbs,0.233767,5,-4,0.113138
S06E16,6,16,Oliver Grady,0.163541,6,-2,0.094079
S06E16,6,16,Benjamin,0.130651,7,-5,0.12373
S06E16,6,16,Stu Buzzini,0.093077,8,4,0.156816
S06E16,6,16,Rachel Zane,0.066266,9,3,0.176682
S06E16,6,16,Gretchen Bodinski,0.041601,10,3,0.059799
S06E16,6,16,Jessica Pearson,0.001658,11,6,0.104637
S07E01,7,1,Harvey Specter,0.474272,1,0,0.442687
S07E01,7,1,Louis Litt,0.459772,2,0,0.378067
S07E01,7,1,Donna Paulsen,0.365609,3,-2,0.30093
S07E01,7,1,Mike Ross,0.229234,4,0,0.315645
S07E01,7,1,Jessica Pearson,0.210546,5,2,0.162303
S07E01,7,1,Rachel Zane,0.202872,6,-1,0.113451
S07E01,7,1,Gretchen Bodinski,0.134267,7,0,0.082361
S07E01,7,1,Oliver Grady,0.041788,8,1,0.083245
S07E01,7,1,Brian Altman,0.040332,9,2,0.071329
S07E01,7,1,Esther Litt,0.002913,10,0,0.003251
S07E01,7,1,Paula Agard,0.002913,10,0,0.041143
S07E01,7,1,Benjamin,0.001456,12,2,0.053722
S07E01,7,1,Katrina Bennett,0.001456,12,5,0.026065
S07E01,7,1,Thomas Kessler,0.001456,12,1,0.001859
S07E02,7,2,Harvey Specter,0.49854,1,-1,0.479481
S07E02,7,2,Louis Litt,0.341884,2,1,0.42508
S07E02,7,2,Jessica Pearson,0.274704,3,-5,0.209817
S07E02,7,2,Mike Ross,0.234828,4,1,0.267304
S07E02,7,2,Donna Paulsen,0.232638,5,0,0.297883
S07E02,7,2,Alex Williams,0.223381,6,2,0.265462
S07E02,7,2,Gretchen Bodinski,0.071216,7,-4,0.068863
S07E02,7,2,Katrina Bennett,0.071216,7,-3,0.036812
S07E02,7,2,Rachel Zane,0.071216,7,2,0.18983
S07E02,7,2,Esther Litt,0.00438,10,0,0.016274
S07E02,7,2,Paula Agard,0.00438,10,2,0.00306
S07E03,7,3,Louis Litt,0.473585,1,-1,0.391683
S07E03,7,3,Harvey Specter,0.465631,2,1,0.48231
S07E03,7,3,Mike Ross,0.337849,3,0,0.298145
S07E03,7,3,Alex Williams,0.307544,4,0,0.265333
S07E03,7,3,Donna Paulsen,0.295401,5,-1,0.245545
S07E03,7,3,Rachel Zane,0.295401,5,0,0.205818
S07E03,7,3,Oliver Grady,0.044406,7,0,0.082602
S07E03,7,3,Paula Agard,0.001887,8,1,0.032681
S07E04,7,4,Harvey Specter,0.482759,1,0,0.476861
S07E04,7,4,Louis Litt,0.359581,2,0,0.414529
S07E04,7,4,Mike Ross,0.321759,3,-1,0.318055
S07E04,7,4,Alex Williams,0.265075,4,-4,0.241645
S07E04,7,4,Rachel Zane,0.250836,5,-1,0.221741
S07E04,7,4,Donna Paulsen,0.208595,6,1,0.234319
S07E04,7,4,Oliver Grady,0.161613,7,4,0.173566
S07E04,7,4,Jessica Pearson,0.1442,8,-3,0.140676
S07E04,7,4,Robert Zane,0.065339,9,7,0.236818
S07E04,7,4,Katrina Bennett,0.037765,10,0,0.068742
S07E04,7,4,Daniel Hardman,0.001724,11,-1,0.001929
S07E05,7,5,Harvey Specter,0.482192,1,0,0.477379
S07E05,7,5,Louis Litt,0.410421,2,0,0.401427
S07E05,7,5,Oliver Grady,0.31468,3,-3,0.220634
S07E05,7,5,Mike Ross,0.294557,4,-1,0.281092
S07E05,7,5,Donna Paulsen,0.198962,5,2,0.253721
S07E05,7,5,Rachel Zane,0.118986,6,2,0.208695
S07E05,7,5,Paula Agard,0.091775,7,-2,0.076633
S07E05,7,5,Sean Cahill,0.006164,8,-2,0.00313
S07E06,7,6,Harvey Specter,0.467187,1,0,0.484848
S07E06,7,6,Louis Litt,0.43428,2,0,0.388943
S07E06,7,6,Donna Paulsen,0.353607,3,-3,0.236854
S07E06,7,6,Rachel Zane,0.256262,4,-4,0.148612
S07E06,7,6,Mike Ross,0.22696,5,1,0.259733
S07E06,7,6,Oliver Grady,0.185608,6,3,0.27739
S07E06,7,6,Brian Altman,0.167134,7,-4,0.069805
S07E06,7,6,Alex Williams,0.152316,8,4,0.225024
S07E06,7,6,Paula Agard,0.136238,9,0,0.104068
S07E06,7,6,Katrina Bennett,0.097246,10,2,0.085793
S07E06,7,6,Jessica Pearson,0.003125,11,8,0.136168
S07E06,7,6,Daniel Hardman,0.001562,12,5,0.043378
S07E07,7,7,Harvey Specter,0.505166,1,0,0.475633
S07E07,7,7,Louis Litt,0.322127,2,-2,0.369589
S07E07,7,7,Jessica Pearson,0.261178,3,-6,0.105622
S07E07,7,7,Alex Williams,0.257681,4,-1,0.223698
S07E07,7,7,Mike Ross,0.257681,4,-3,0.23834
S07E07,7,7,Donna Paulsen,0.157993,6,1,0.257566
S07E07,7,7,Daniel Hardman,0.126847,7,1,0.140247
S07E07,7,7,Rachel Zane,0.070588,8,5,0.227702
S07E07,7,7,Anita Gibbs,0.052636,9,-2,0.096089
S07E07,7,7,Benjamin,0.029058,10,2,0.072523
S07E07,7,7,Gretchen Bodinski,0.001107,11,2,0.052171
S07E08,7,8,Harvey Specter,0.454545,1,0,0.480718
S07E08,7,8,Robert Zane,0.43724,2,-8,0.184284
S07E08,7,8,Rachel Zane,0.356255,3,-5,0.170643
S07E08,7,8,Louis Litt,0.352359,4,2,0.376014
S07E08,7,8,Alex Williams,0.261098,5,-6,0.174453
S07E08,7,8,Donna Paulsen,0.261098,5,0,0.202536
S07E08,7,8,Mike Ross,0.230379,7,4,0.257559
S07E08,7,8,Sheila Sazs,0.230379,7,1,0.140066
S07E08,7,8,Gretchen Bodinski,0.084191,9,2,0.074284
S07E08,7,8,Paula Agard,0.084191,9,0,0.074569
S07E08,7,8,Brian Altman,0.001948,11,7,0.129518
S07E08,7,8,Thomas Kessler,0.001948,11,1,0.038605
S07E09,7,9,Harvey Specter,0.482443,1,0,0.471346
S07E09,7,9,Louis Litt,0.453557,2,0,0.416972
S07E09,7,9,Mike Ross,0.284618,3,-1,0.251593
S07E09,7,9,Brian Altman,0.219473,4,-1,0.181512
S07E09,7,9,Donna Paulsen,0.188517,5,2,0.294207
S07E09,7,9,Sheila Sazs,0.139844,6,-2,0.136189
S07E09,7,9,Gretchen Bodinski,0.137553,7,-4,0.075045
S07E09,7,9,Rachel Zane,0.085085,8,3,0.198198
S07E09,7,9,Jessica Pearson,0.052563,9,3,0.141643
S07E09,7,9,Robert Zane,0.050273,10,1,0.163597
S07E09,7,9,Alex Williams,0.00458,11,4,0.118284
S07E10,7,10,Harvey Specter,0.477049,1,0,0.481425
S07E10,7,10,Louis Litt,0.445,2,-3,0.388139
S07E10,7,10,Donna Paulsen,0.433006,3,0,0.318258
S07E10,7,10,Mike Ross,0.239781,4,0,0.264724
S07E10,7,10,Rachel Zane,0.153254,5,-4,0.099074
S07E10,7,10,Jessica Pearson,0.111188,6,4,0.188276
S07E10,7,10,Alex Williams,0.089173,7,1,0.09616
S07E10,7,10,Sheila Sazs,0.038344,8,-2,0.059831
S07E10,7,10,Paula Agard,0.003279,9,2,0.082999
S07E10,7,10,Robert Zane,0.003279,9,2,0.040265
S07E11,7,11,Harvey Specter,0.484783,1,0,0.478238
S07E11,7,11,Jessica Pearson,0.401077,2,-5,0.231629
S07E11,7,11,Donna Paulsen,0.33325,3,-2,0.337252
S07E11,7,11,Mike Ross,0.269774,4,0,0.269782
S07E11,7,11,Louis Litt,0.26586,5,3,0.392886
S07E11,7,11,Alex Williams,0.194726,6,-6,0.095198
S07E11,7,11,Paula Agard,0.161527,7,-1,0.079482
S07E11,7,11,Kyle Durant,0.158919,8,0,0.080136
S07E11,7,11,Rachel Zane,0.058883,9,0,0.08512
S07E11,7,11,Jack Soloff,0.001304,10,0,0.090262
S07E11,7,11,Sean Cahill,0.001304,10,2,0.046927
S07E11,7,11,Sheila Sazs,0.001304,10,4,0.087075
S07E12,7,12,Harvey Specter,0.472881,1,0,0.480597
S07E12,7,12,Louis Litt,0.467797,2,-1,0.349362
S07E12,7,12,Oliver Grady,0.331881,3,-8,0.173025
S07E12,7,12,Mike Ross,0.299791,4,-3,0.248313
S07E12,7,12,Donna Paulsen,0.245499,5,3,0.313069
S07E12,7,12,Sheila Sazs,0.221578,6,-3,0.105556
S07E12,7,12,Jessica Pearson,0.182622,7,-3,0.207741
S07E12,7,12,Paula Agard,0.073641,8,3,0.165777
S07E12,7,12,Rachel Zane,0.043224,9,3,0.097658
S07E12,7,12,Esther Litt,0.041529,10,2,0.059245
S07E12,7,12,Gretchen Bodinski,0.00339,11,3,0.083484
S07E12,7,12,Alex Williams,0.001695,12,4,0.068311
S07E13,7,13,Harvey Specter,0.484127,1,-1,0.434329
S07E13,7,13,Donna Paulsen,0.360459,2,-1,0.314828
S07E13,7,13,Louis Litt,0.314428,3,2,0.420783
S07E13,7,13,Stu Buzzini,0.273276,4,-6,0.12336
S07E13,7,13,Paula Agard,0.262164,5,-1,0.173271
S07E13,7,13,Rachel Zane,0.190866,6,-1,0.138745
S07E13,7,13,Mike Ross,0.175375,7,2,0.227691
S07E13,7,13,Gretchen Bodinski,0.109508,8,-1,0.060679
S07E13,7,13,Sheila Sazs,0.093786,9,5,0.202875
S07E13,7,13,Jessica Pearson,0.039523,10,1,0.088004
S07E13,7,13,Oliver Grady,0.001587,11,3,0.123952
S07E14,7,14,Louis Litt,0.480124,1,-3,0.342775
S07E14,7,14,Harvey Specter,0.345978,2,1,0.440956
S07E14,7,14,Donna Paulsen,0.338525,3,-3,0.303171
S07E14,7,14,Sheila Sazs,0.293261,4,-7,0.130355
S07E14,7,14,Mike Ross,0.207907,5,2,0.235026
S07E14,7,14,Paula Agard,0.184007,6,-7,0.149211
S07E14,7,14,Rachel Zane,0.182144,7,-1,0.137133
S07E14,7,14,Katrina Bennett,0.122367,8,5,0.202684
S07E14,7,14,Jessica Pearson,0.041868,9,7,0.138227
S07E14,7,14,Stu Buzzini,0.003727,10,9,0.244743
S07E14,7,14,Anita Gibbs,0.001863,11,0,0.027249
S07E15,7,15,Harvey Specter,0.492763,1,0,0.440573
S07E15,7,15,Jessica Pearson,0.333291,2,0,0.254856
S07E15,7,15,Mike Ross,0.321797,3,0,0.282638
S07E15,7,15,Louis Litt,0.233773,4,-1,0.296086
S07E15,7,15,Dana Scott,0.214476,5,1,0.243015
S07E15,7,15,Donna Paulsen,0.210528,6,0,0.235399
S07E15,7,15,Robert Zane,0.067244,7,0,0.047313
S07E15,7,15,Oliver Grady,0.038388,8,0,0.016162
S07E15,7,15,Rachel Zane,0.038388,8,4,0.146151
S07E15,7,15,Jack Soloff,0.003947,10,0,0.002626
S07E16,7,16,Harvey Specter,0.482979,1,-1,0.465876
S07E16,7,16,Jessica Pearson,0.38941,2,-7,0.255751
S07E16,7,16,Mike Ross,0.318211,3,-6,0.251699
S07E16,7,16,Rachel Zane,0.217922,4,-7,0.086776
S07E16,7,16,Louis Litt,0.174361,5,4,0.286789
S07E16,7,16,Donna Paulsen,0.157144,6,-1,0.201025
S07E16,7,16,Robert Zane,0.071415,7,3,0.163396
S07E16,7,16,Alex Williams,0.008511,8,2,0.103405
S07E16,7,16,Oliver Grady,0.008511,8,-2,0.04496
S08E01,8,1,Louis Litt,0.452232,1,-1,0.35342
S08E01,8,1,Harvey Specter,0.421887,2,1,0.45816
S08E01,8,1,Katrina Bennett,0.388439,3,-7,0.171374
S08E01,8,1,Robert Zane,0.35153,4,1,0.276181
S08E01,8,1,Brian Altman,0.323116,5,1,0.314361
S08E01,8,1,Alex Williams,0.300009,6,-1,0.145763
S08E01,8,1,Donna Paulsen,0.235404,7,1,0.185956
S08E01,8,1,Samantha Wheeler,0.170684,8,4,0.26592
S08E01,8,1,Mike Ross,0.115089,9,1,0.185698
S08E01,8,1,Thomas Kessler,0.11241,10,1,0.05569
S08E01,8,1,Rachel Zane,0.004018,11,0,0.075584
S08E01,8,1,Sheila Sazs,0.004018,11,6,0.214355
S08E02,8,2,Harvey Specter,0.469613,1,-4,0.426568
S08E02,8,2,Louis Litt,0.433666,2,1,0.444675
S08E02,8,2,Robert Zane,0.405599,3,1,0.391462
S08E02,8,2,Samantha Wheeler,0.361155,4,-4,0.248687
S08E02,8,2,Sheila Sazs,0.345787,5,-2,0.169433
S08E02,8,2,Donna Paulsen,0.165319,6,0,0.229169
S08E02,8,2,Alex Williams,0.128768,7,-2,0.213798
S08E02,8,2,Mike Ross,0.123795,8,1,0.164032
S08E02,8,2,Jessica Pearson,0.044551,9,-1,0.145679
S08E02,8,2,Katrina Bennett,0.003315,10,7,0.267532
S08E03,8,3,Louis Litt,0.448128,1,-2,0.439492
S08E03,8,3,Robert Zane,0.417258,2,0,0.420359
S08E03,8,3,Katrina Bennett,0.410841,3,-7,0.139078
S08E03,8,3,Brian Altman,0.400494,4,-1,0.311876
S08E03,8,3,Harvey Specter,0.388204,5,4,0.439785
S08E03,8,3,Donna Paulsen,0.286783,6,1,0.209019
S08E03,8,3,Mike Ross,0.253213,7,-1,0.156594
S08E03,8,3,Samantha Wheeler,0.214221,8,3,0.25011
S08E03,8,3,Alex Williams,0.212617,9,5,0.241456
S08E03,8,3,Oliver Grady,0.08798,10,0,0.048246
S08E03,8,3,Rachel Zane,0.004813,11,0,0.00432
S08E04,8,4,Harvey Specter,0.461538,1,0,0.443504
S08E04,8,4,Robert Zane,0.438221,2,-5,0.30133
S08E04,8,4,Louis Litt,0.436683,3,1,0.444042
S08E04,8,4,Alex Williams,0.382984,4,-4,0.200457
S08E04,8,4,Donna Paulsen,0.174954,5,1,0.257889
S08E04,8,4,Samantha Wheeler,0.174954,5,0,0.186088
S08E04,8,4,Sheila Sazs,0.158494,7,4,0.288858
S08E04,8,4,Mike Ross,0.092774,8,-3,0.116705
S08E04,8,4,Gretchen Bodinski,0.069138,9,3,0.087626
S08E04,8,4,Jessica Pearson,0.003077,10,0,0.027891
S08E04,8,4,Katrina Bennett,0.003077,10,4,0.202116
S08E05,8,5,Harvey Specter,0.480769,1,-1,0.431724
S08E05,8,5,Louis Litt,0.447314,2,1,0.457815
S08E05,8,5,Sheila Sazs,0.362294,3,-5,0.211591
S08E05,8,5,Donna Paulsen,0.31193,4,1,0.276264
S08E05,8,5,Samantha Wheeler,0.169088,5,1,0.186271
S08E05,8,5,Gretchen Bodinski,0.084231,6,-2,0.095065
S08E05,8,5,Robert Zane,0.048512,7,-2,0.19978
S08E05,8,5,Alex Williams,0.005769,8,1,0.185192
S08E06,8,6,Louis Litt,0.489449,1,0,0.467956
S08E06,8,6,Harvey Specter,0.352865,2,-1,0.388133
S08E06,8,6,Donna Paulsen,0.341907,3,-2,0.317825
S08E06,8,6,Samantha Wheeler,0.21477,4,-3,0.174526
S08E06,8,6,Brian Altman,0.212017,5,-1,0.304134
S08E06,8,6,Katrina Bennett,0.192431,6,-1,0.152799
S08E06,8,6,Alex Williams,0.166823,7,1,0.155614
S08E06,8,6,Sheila Sazs,0.113984,8,6,0.285004
S08E06,8,6,Robert Zane,0.112608,9,6,0.163962
S08E06,8,6,Jessica Pearson,0.036045,10,1,0.069987
S08E06,8,6,Mike Ross,0.004128,11,3,0.057773
S08E06,8,6,Rachel Zane,0.004128,11,1,0.003638
S08E07,8,7,Louis Litt,0.467105,1,0,0.477547
S08E07,8,7,Sheila Sazs,0.378733,2,-6,0.189711
S08E07,8,7,Harvey Specter,0.330766,3,-2,0.309369
S08E07,8,7,Robert Zane,0.330766,3,-3,0.218019
S08E07,8,7,Donna Paulsen,0.299638,5,-2,0.262461
S08E07,8,7,Alex Williams,0.294251,6,3,0.255008
S08E07,8,7,Samantha Wheeler,0.139721,7,5,0.222552
S08E07,8,7,Esther Litt,0.131826,8,-2,0.059234
S08E07,8,7,Gretchen Bodinski,0.131826,8,4,0.167933
S08E07,8,7,Rachel Zane,0.001974,10,1,0.002524
S08E08,8,8,Louis Litt,0.476087,1,-4,0.415712
S08E08,8,8,Samantha Wheeler,0.313164,2,-2,0.253628
S08E08,8,8,Alex Williams,0.30395,3,2,0.355031
S08E08,8,8,Gretchen Bodinski,0.287742,4,-4,0.198267
S08E08,8,8,Harvey Specter,0.244475,5,2,0.327047
S08E08,8,8,Robert Zane,0.210682,6,4,0.317134
S08E08,8,8,Donna Paulsen,0.145838,7,-1,0.190338
S08E08,8,8,Mike Ross,0.076416,8,-2,0.027524
S08E08,8,8,Sheila Sazs,0.076416,8,2,0.215722
S08E08,8,8,Esther Litt,0.004348,10,6,0.15229
S08E09,8,9,Alex Williams,0.466892,1,-1,0.392229
S08E09,8,9,Robert Zane,0.409954,2,-3,0.308583
S08E09,8,9,Harvey Specter,0.4059,3,-1,0.319966
S08E09,8,9,Samantha Wheeler,0.307999,4,3,0.364407
S08E09,8,9,Louis Litt,0.303944,5,2,0.385425
S08E09,8,9,Brian Altman,0.299891,6,-5,0.171369
S08E09,8,9,Katrina Bennett,0.262889,7,0,0.204922
S08E09,8,9,Donna Paulsen,0.125537,8,0,0.138042
S08E09,8,9,Thomas Kessler,0.052712,9,5,0.136859
S08E09,8,9,Mike Ross,0.002027,10,-1,0.02688
S08E10,8,10,Samantha Wheeler,0.472059,1,-6,0.326833
S08E10,8,10,Alex Williams,0.405844,2,-1,0.375826
S08E10,8,10,Louis Litt,0.376245,3,2,0.383506
S08E10,8,10,Harvey Specter,0.309524,4,2,0.354698
S08E10,8,10,Robert Zane,0.305112,5,-1,0.31256
S08E10,8,10,Sheila Sazs,0.192018,6,-5,0.090608
S08E10,8,10,Katrina Bennett,0.159447,7,-3,0.184527
S08E10,8,10,Donna Paulsen,0.14275,8,3,0.171046
S08E10,8,10,Rachel Zane,0.001471,9,-2,0.001881
S08E11,8,11,Louis Litt,0.47033,1,0,0.442644
S08E11,8,11,Harvey Specter,0.348669,2,0,0.361115
S08E11,8,11,Alex Williams,0.254741,3,-2,0.288421
S08E11,8,11,Thomas Kessler,0.245454,4,-5,0.151642
S08E11,8,11,Donna Paulsen,0.244851,5,2,0.208396
S08E11,8,11,Robert Zane,0.222615,6,-1,0.230987
S08E11,8,11,Samantha Wheeler,0.200442,7,-3,0.256281
S08E11,8,11,Gretchen Bodinski,0.175234,8,0,0.208274
S08E11,8,11,Jessica Pearson,0.170838,9,-2,0.070091
S08E11,8,11,Katrina Bennett,0.131246,10,6,0.167383
S08E11,8,11,Brian Altman,0.002198,11,5,0.166178
S08E11,8,11,Mike Ross,0.002198,11,1,0.015983
S08E11,8,11,Rachel Zane,0.002198,11,1,0.002001
S08E12,8,12,Louis Litt,0.481356,1,-3,0.426414
S08E12,8,12,Harvey Specter,0.425151,2,0,0.377441
S08E12,8,12,Donna Paulsen,0.237587,3,-4,0.225858
S08E12,8,12,Katrina Bennett,0.211457,4,-1,0.205265
S08E12,8,12,Alex Williams,0.204677,5,-7,0.154873
S08E12,8,12,Brian Altman,0.196444,6,0,0.151163
S08E12,8,12,Robert Zane,0.165235,7,-2,0.154624
S08E12,8,12,Gretchen Bodinski,0.161845,8,2,0.165735
S08E12,8,12,Thomas Kessler,0.15676,9,-2,0.148068
S08E12,8,12,Samantha Wheeler,0.096343,10,7,0.208808
S08E12,8,12,Jessica Pearson,0.00339,11,2,0.094849
S08E12,8,12,Sheila Sazs,0.00339,11,-1,0.06687
S08E13,8,13,Stu Buzzini,0.457225,1,0,0.230476
S08E13,8,13,Harvey Specter,0.358502,2,1,0.420054
S08E13,8,13,Samantha Wheeler,0.329639,3,0,0.265098
S08E13,8,13,Louis Litt,0.327556,4,2,0.418553
S08E13,8,13,Katrina Bennett,0.273091,5,-3,0.207226
S08E13,8,13,Brian Altman,0.254847,6,0,0.219732
S08E13,8,13,Donna Paulsen,0.195137,7,2,0.223641
S08E13,8,13,Sean Cahill,0.133314,8,6,0.156091
S08E13,8,13,Robert Zane,0.076022,9,0,0.104078
S08E13,8,13,Mike Ross,0.043723,10,0,0.015978
S08E13,8,13,Thomas Kessler,0.041989,11,2,0.104785
S08E13,8,13,Alex Williams,0.005202,12,6,0.123335
S08E13,8,13,Sheila Sazs,0.005202,12,2,0.017156
S08E14,8,14,Harvey Specter,0.47651,1,-3,0.3751
S08E14,8,14,Louis Litt,0.446748,2,0,0.362228
S08E14,8,14,Samantha Wheeler,0.369313,3,-4,0.291379
S08E14,8,14,Dana Scott,0.355002,4,0,0.284739
S08E14,8,14,Donna Paulsen,0.238198,5,2,0.247959
S08E14,8,14,Alex Williams,0.160125,6,1,0.144003
S08E14,8,14,Gretchen Bodinski,0.160125,6,-5,0.108972
S08E14,8,14,Katrina Bennett,0.137131,8,0,0.183397
S08E14,8,14,Thomas Kessler,0.115605,9,8,0.212245
S08E14,8,14,Mike Ross,0.002013,10,-1,0.015859
S08E15,8,15,Thomas Kessler,0.479141,1,-2,0.32348
S08E15,8,15,Louis Litt,0.312381,2,-2,0.371018
S08E15,8,15,Donna Paulsen,0.310541,3,-2,0.286238
S08E15,8,15,Harvey Specter,0.290288,4,3,0.407999
S08E15,8,15,Alex Williams,0.266682,5,-3,0.204076
S08E15,8,15,Brian Altman,0.207905,6,0,0.208877
S08E15,8,15,Samantha Wheeler,0.175186,7,0,0.272734
S08E15,8,15,Katrina Bennett,0.13997,8,0,0.136465
S08E15,8,15,Robert Zane,0.070977,9,7,0.188995
S08E15,8,15,Sheila Sazs,0.042875,10,-1,0.016415
S08E15,8,15,Mike Ross,0.00184,11,0,0.001673
S08E16,8,16,Harvey Specter,0.457198,1,-2,0.375147
S08E16,8,16,Robert Zane,0.419986,2,1,0.317776
S08E16,8,16,Thomas Kessler,0.375694,3,-4,0.341927
S08E16,8,16,Louis Litt,0.353924,4,2,0.360147
S08E16,8,16,Donna Paulsen,0.309976,5,1,0.299226
S08E16,8,16,Daniel Hardman,0.292331,6,-6,0.151247
S08E16,8,16,Samantha Wheeler,0.273704,7,2,0.240594
S08E16,8,16,Alex Williams,0.185422,8,2,0.218989
S08E16,8,16,Jessica Pearson,0.110319,9,-3,0.049424
S08E16,8,16,Rachel Zane,0.002335,10,-1,0.020934
S08E16,8,16,Mike Ross,0.001167,11,2,0.044742
S08E16,8,16,Sheila Sazs,0.001167,11,1,0.041047
S09E01,9,1,Robert Zane,0.462365,1,-8,0.344729
S09E01,9,1,Louis Litt,0.414135,2,1,0.409683
S09E01,9,1,Harvey Specter,0.377954,3,1,0.420708
S09E01,9,1,Donna Paulsen,0.27716,4,0,0.283462
S09E01,9,1,Samantha Wheeler,0.272892,5,-1,0.261937
S09E01,9,1,Alex Williams,0.204864,6,-1,0.199096
S09E01,9,1,Thomas Kessler,0.170945,7,2,0.263051
S09E01,9,1,Katrina Bennett,0.132294,8,-2,0.105277
S09E01,9,1,Mike Ross,0.131219,9,0,0.070781
S09E01,9,1,Sheila Sazs,0.079098,10,2,0.075579
S09E01,9,1,Rachel Zane,0.058269,11,-2,0.020689
S09E01,9,1,Daniel Hardman,0.034563,12,0,0.109273
S09E01,9,1,Jessica Pearson,0.034563,12,2,0.063553
S09E01,9,1,Faye Richardson,0.001075,14,11,0.184385
S09E02,9,2,Louis Litt,0.460989,1,0,0.454712
S09E02,9,2,Harvey Specter,0.426971,2,-2,0.364914
S09E02,9,2,Faye Richardson,0.367695,3,1,0.226017
S09E02,9,2,Donna Paulsen,0.263251,4,1,0.277842
S09E02,9,2,Thomas Kessler,0.242513,5,-8,0.138204
S09E02,9,2,Samantha Wheeler,0.239216,6,-3,0.213325
S09E02,9,2,Alex Williams,0.207003,7,0,0.187212
S09E02,9,2,Benjamin,0.187054,8,-4,0.072587
S09E02,9,2,Robert Zane,0.151835,9,-2,0.22715
S09E02,9,2,Katrina Bennett,0.043567,10,0,0.095083
S09E02,9,2,Gretchen Bodinski,0.004945,11,6,0.114573
S09E03,9,3,Louis Litt,0.489011,1,-2,0.452228
S09E03,9,3,Faye Richardson,0.309281,2,-3,0.346741
S09E03,9,3,Donna Paulsen,0.293114,3,1,0.333799
S09E03,9,3,Harvey Specter,0.289817,4,3,0.389336
S09E03,9,3,Gretchen Bodinski,0.17865,5,-1,0.147895
S09E03,9,3,Brian Altman,0.163879,6,-7,0.124416
S09E03,9,3,Alex Williams,0.14977,7,3,0.241685
S09E03,9,3,Sheila Sazs,0.146473,8,2,0.156588
S09E03,9,3,Samantha Wheeler,0.127867,9,2,0.202175
S09E03,9,3,Katrina Bennett,0.109389,10,2,0.086795
S09E03,9,3,Robert Zane,0.06725,11,1,0.088288
S09E03,9,3,Benjamin,0.001648,12,1,0.073571
S09E04,9,4,Harvey Specter,0.45122,1,0,0.401499
S09E04,9,4,Donna Paulsen,0.445031,2,-1,0.332058
S09E04,9,4,Louis Litt,0.406683,3,-1,0.383805
S09E04,9,4,Alex Williams,0.368282,4,-8,0.18297
S09E04,9,4,Faye Richardson,0.363248,5,-4,0.267377
S09E04,9,4,Gretchen Bodinski,0.26009,6,-4,0.190611
S09E04,9,4,Samantha Wheeler,0.239441,7,2,0.207295
S09E04,9,4,Katrina Bennett,0.107429,8,0,0.13566
S09E04,9,4,Mike Ross,0.079958,9,7,0.206399
S09E04,9,4,Jessica Pearson,0.045778,10,-3,0.027315
S09E04,9,4,Robert Zane,0.045778,10,-3,0.039215
S09E04,9,4,Norma,0.044315,12,0,0.024363
S09E04,9,4,Brian Altman,0.001463,13,6,0.129643
S09E04,9,4,Paula Agard,0.001463,13,0,0.092735
S09E04,9,4,Rachel Zane,0.001463,13,3,0.052305
S09E05,9,5,Harvey Specter,0.463461,1,-2,0.417442
S09E05,9,5,Mike Ross,0.408021,2,-9,0.192791
S09E05,9,5,Donna Paulsen,0.25803,3,-6,0.300074
S09E05,9,5,Louis Litt,0.255722,4,-1,0.303882
S09E05,9,5,Samantha Wheeler,0.254578,5,3,0.303417
S09E05,9,5,Sheila Sazs,0.244193,6,-7,0.130607
S09E05,9,5,Brian Altman,0.223588,7,3,0.179254
S09E05,9,5,Katrina Bennett,0.190163,8,2,0.179201
S09E05,9,5,Faye Richardson,0.129603,9,8,0.319155
S09E05,9,5,Rachel Zane,0.097182,10,-2,0.033651
S09E05,9,5,Benjamin,0.032012,11,0,0.01683
S09E05,9,5,Alex Williams,0.030858,12,5,0.206656
S09E05,9,5,Robert Zane,0.004616,13,5,0.090023
S09E06,9,6,Faye Richardson,0.464615,1,-7,0.210016
S09E06,9,6,Samantha Wheeler,0.416231,2,-3,0.296931
S09E06,9,6,Harvey Specter,0.337645,3,2,0.436638
S09E06,9,6,Brian Altman,0.31271,4,0,0.268149
S09E06,9,6,Louis Litt,0.249242,5,3,0.291619
S09E06,9,6,Katrina Bennett,0.240011,6,-3,0.154298
S09E06,9,6,Alex Williams,0.220829,7,1,0.115304
S09E06,9,6,Robert Zane,0.219675,8,-1,0.08567
S09E06,9,6,Donna Paulsen,0.19716,9,5,0.228681
S09E06,9,6,Gretchen Bodinski,0.133094,10,1,0.165936
S09E06,9,6,Mike Ross,0.090395,11,5,0.197547
S09E06,9,6,Rachel Zane,0.002308,12,2,0.044609
S09E06,9,6,Sheila Sazs,0.001154,13,3,0.119554
S09E06,9,6,Thomas Kessler,0.001154,13,2,0.08174
S09E07,9,7,Harvey Specter,0.508808,1,0,0.439014
S09E07,9,7,Louis Litt,0.369892,2,-1,0.313812
S09E07,9,7,Harold Gunderson,0.258658,3,0,0.170979
S09E07,9,7,Donna Paulsen,0.230853,4,-3,0.204353
S09E07,9,7,Samantha Wheeler,0.219985,5,-4,0.256239
S09E07,9,7,Alex Williams,0.094225,6,-6,0.118068
S09E07,9,7,Mike Ross,0.094225,6,1,0.140692
S09E07,9,7,Faye Richardson,0.035829,8,0,0.217387
S09E07,9,7,Katrina Bennett,0.03272,9,-2,0.121597
S09E07,9,7,Robert Zane,0.03272,9,-2,0.084749
S09E07,9,7,Thomas Kessler,0.001554,11,0,0.001354
S09E08,9,8,Harvey Specter,0.470588,1,0,0.478934
S09E08,9,8,Sean Cahill,0.333654,2,0,0.233484
S09E08,9,8,Louis Litt,0.322301,3,-1,0.345397
S09E08,9,8,Esther Litt,0.320697,4,0,0.162522
S09E08,9,8,Mike Ross,0.237457,5,-1,0.207551
S09E08,9,8,Charles Forstman,0.213323,6,0,0.107978
S09E08,9,8,Donna Paulsen,0.185045,7,2,0.237745
S09E08,9,8,Faye Richardson,0.151718,8,5,0.201931
S09E08,9,8,Samantha Wheeler,0.1325,9,7,0.262095
S09E08,9,8,Sheila Sazs,0.113315,10,4,0.110712
S09E08,9,8,Katrina Bennett,0.092061,11,4,0.096245
S09E08,9,8,Alex Williams,0.03915,12,4,0.094929
S09E08,9,8,Jessica Pearson,0.001604,13,1,0.016103
S09E09,9,9,Harvey Specter,0.457407,1,0,0.467032
S09E09,9,9,Samantha Wheeler,0.4338,2,-3,0.262588
S09E09,9,9,Faye Richardson,0.418246,3,0,0.305399
S09E09,9,9,Louis Litt,0.343999,4,2,0.356362
S09E09,9,9,Donna Paulsen,0.297337,5,1,0.237168
S09E09,9,9,Mike Ross,0.29097,6,-1,0.246051
S09E09,9,9,Katrina Bennett,0.163954,7,-1,0.152811
S09E09,9,9,Alex Williams,0.151413,8,-1,0.099011
S09E09,9,9,Gretchen Bodinski,0.104625,9,-1,0.114413
S09E09,9,9,Rachel Zane,0.034338,10,-4,0.012848
S09E09,9,9,Robert Zane,0.001852,11,0,0.036035
S09E09,9,9,Daniel Hardman,0.000926,12,0,0.022695
S09E09,9,9,Jessica Pearson,0.000926,12,-1,0.001793
S09E10,9,10,Harvey Specter,0.473101,1,0,0.465254
S09E10,9,10,Louis Litt,0.402785,2,0,0.373392
S09E10,9,10,Faye Richardson,0.346232,3,0,0.382239
S09E10,9,10,Donna Paulsen,0.229121,4,0,0.263229
S09E10,9,10,Samantha Wheeler,0.221465,5,0,0.327633
S09E10,9,10,Sheila Sazs,0.217668,6,0,0.165492
S09E10,9,10,Mike Ross,0.209726,7,0,0.250348
S09E10,9,10,Katrina Bennett,0.202417,8,0,0.183186
S09E10,9,10,Alex Williams,0.10647,9,0,0.128941
S09E10,9,10,Gretchen Bodinski,0.10552,10,0,0.105072
S09E10,9,10,Robert Zane,0.073532,11,0,0.037692
S09E10,9,10,Daniel Hardman,0.032596,12,0,0.016761
S09E10,9,10,Jessica Pearson,0.002848,13,0,0.001887
S09E10,9,10,Rachel Zane,0.001899,14,0,0.018119
