episode_id,season,episode_num,topic_00,topic_01,topic_02,topic_03,topic_04,topic_05,topic_06,topic_07,topic_08,topic_09,dominant_topic,dominant_topic_label,topic_00_smooth,topic_01_smooth,topic_02_smooth,topic_03_smooth,topic_04_smooth,topic_05_smooth,topic_06_smooth,topic_07_smooth,topic_08_smooth,topic_09_smooth
S01E01,1,1,0.0,0.0,0.0,0.0028,0.7295,0.2674,0.0,0.0,0.0,0.0,4,"Topic 4: gonna, partner, business",0.0,0.0,0.0,0.0014,0.7874,0.2108,0.0,0.0,0.0,0.0
S01E02,1,2,0.0001,0.0001,0.0001,0.0001,0.8452,0.1542,0.0001,0.0001,0.0001,0.0001,4,"Topic 4: gonna, partner, business",0.0001,0.0001,0.0001,0.001,0.7996,0.199,0.0001,0.0001,0.0001,0.0001
S01E03,1,3,0.0001,0.0001,0.0001,0.0001,0.824,0.1754,0.0001,0.0001,0.0001,0.0001,4,"Topic 4: gonna, partner, business",0.0001,0.0001,0.0001,0.0001,0.8423,0.1571,0.0001,0.0001,0.0001,0.0001
S01E04,1,4,0.0001,0.0001,0.0001,0.0001,0.8578,0.1417,0.0001,0.0001,0.0001,0.0001,4,"Topic 4: gonna, partner, business",0.0001,0.0001,0.0001,0.0001,0.7838,0.1806,0.0001,0.0001,0.0001,0.0351
S01E05,1,5,0.0001,0.0001,0.0001,0.0001,0.6697,0.2248,0.0001,0.0001,0.0001,0.1051,4,"Topic 4: gonna, partner, business",0.0001,0.0001,0.0001,0.0001,0.794,0.1705,0.0001,0.0001,0.0001,0.0351
S01E06,1,6,0.0001,0.0001,0.0001,0.0001,0.8544,0.1451,0.0001,0.0001,0.0001,0.0001,4,"Topic 4: gonna, partner, business",0.0001,0.0001,0.0001,0.0001,0.7672,0.1972,0.0001,0.0001,0.0001,0.0351
S01E07,1,7,0.0001,0.0001,0.0001,0.0001,0.7776,0.2218,0.0001,0.0001,0.0001,0.0001,4,"Topic 4: gonna, partner, business",0.0001,0.0001,0.0001,0.0001,0.8129,0.1866,0.0001,0.0001,0.0001,0.0001
S01E08,1,8,0.0001,0.0001,0.0001,0.0001,0.8067,0.1928,0.0001,0.0001,0.0001,0.0001,4,"Topic 4: gonna, partner, business",0.0001,0.0001,0.0001,0.0001,0.791,0.2084,0.0001,0.0001,0.0001,0.0001
S01E09,1,9,0.0001,0.0001,0.0001,0.0001,0.7888,0.2107,0.0001,0.0001,0.0001,0.0001,4,"Topic 4: gonna, partner, business",0.0001,0.0001,0.0001,0.0001,0.7643,0.2324,0.0001,0.0001,0.0001,0.0029
S01E10,1,10,0.0001,0.0001,0.0001,0.0001,0.6973,0.2936,0.0001,0.0001,0.0001,0.0086,4,"Topic 4: gonna, partner, business",0.0001,0.0001,0.0001,0.0001,0.755,0.2373,0.0001,0.0044,0.0001,0.0029
S01E11,1,11,0.0001,0.0001,0.0001,0.0001,0.7788,0.2076,0.0001,0.0131,0.0001,0.0001,4,"Topic 4: gonna, partner, business",0.0001,0.0001,0.0001,0.0001,0.7446,0.2476,0.0001,0.0044,0.0001,0.0029
S01E12,1,12,0.0001,0.0001,0.0001,0.0001,0.7577,0.2417,0.0001,0.0001,0.0001,0.0001,4,"Topic 4: gonna, partner, business",0.0001,0.0001,0.0001,0.0001,0.7525,0.2426,0.0001,0.0044,0.0001,0.0001
S02E01,2,1,0.0001,0.0001,0.0001,0.0001,0.7209,0.2785,0.0001,0.0001,0.0001,0.0001,4,"Topic 4: gonna, partner, business",0.0001,0.0001,0.0001,0.0001,0.768,0.2314,0.0001,0.0001,0.0001,0.0001
S02E02,2,2,0.0001,0.0001,0.0001,0.0001,0.8254,0.174,0.0001,0.0001,0.0001,0.0001,4,"Topic 4: gonna, partner, business",0.0001,0.0001,0.0001,0.0001,0.7913,0.2081,0.0001,0.0001,0.0001,0.0001
S02E03,2,3,0.0001,0.0001,0.0001,0.0001,0.8275,0.1719,0.0001,0.0001,0.0001,0.0001,4,"Topic 4: gonna, partner, business",0.0001,0.0001,0.0001,0.0006,0.7957,0.2032,0.0001,0.0001,0.0001,0.0001
S02E04,2,4,0.0001,0.0001,0.0001,0.0017,0.7343,0.2636,0.0001,0.0001,0.0001,0.0001,4,"Topic 4: gonna, partner, business",0.0001,0.0001,0.0001,0.0006,0.7707,0.2283,0.0001,0.0001,0.0001,0.0001
S02E05,2,5,0.0001,0.0001,0.0001,0.0001,0.7502,0.2493,0.0001,0.0001,0.0001,0.0001,4,"Topic 4: gonna, partner, business",0.0001,0.0001,0.0001,0.0006,0.7493,0.2497,0.0001,0.0001,0.0001,0.0001
S02E06,2,6,0.0001,0.0001,0.0001,0.0001,0.7633,0.2362,0.0001,0.0001,0.0001,0.0001,4,"Topic 4: gonna, partner, business",0.0001,0.0001,0.0001,0.0001,0.7654,0.2341,0.0001,0.0001,0.0001,0.0001
S02E07,2,7,0.0001,0.0001,0.0001,0.0001,0.7828,0.2167,0.0001,0.0001,0.0001,0.0001,4,"Topic 4: gonna, partner, business",0.0001,0.0001,0.0001,0.0001,0.774,0.2255,0.0001,0.0001,0.0001,0.0001
S02E08,2,8,0.0001,0.0001,0.0001,0.0001,0.7759,0.2236,0.0001,0.0001,0.0001,0.0001,4,"Topic 4: gonna, partner, business",0.0001,0.0001,0.0001,0.0001,0.7783,0.2212,0.0001,0.0001,0.0001,0.0001
S02E09,2,9,0.0001,0.0001,0.0001,0.0001,0.7762,0.2233,0.0001,0.0001,0.0001,0.0001,4,"Topic 4: gonna, partner, business",0.0001,0.0001,0.0001,0.0001,0.7796,0.2199,0.0001,0.0001,0.0001,0.0001
S02E10,2,10,0.0001,0.0001,0.0001,0.0001,0.7866,0.2128,0.0001,0.0001,0.0001,0.0001,4,"Topic 4: gonna, partner, business",0.0001,0.0001,0.0001,0.0001,0.7717,0.2278,0.0001,0.0001,0.0001,0.0001
S02E11,2,11,0.0001,0.0001,0.0001,0.0001,0.7522,0.2473,0.0001,0.0001,0.0001,0.0001,4,"Topic 4: gonna, partner, business",0.0001,0.0001,0.0001,0.0001,0.7753,0.2241,0.0001,0.0001,0.0001,0.0001
S02E12,2,12,0.0001,0.0001,0.0001,0.0001,0.7872,0.2123,0.0001,0.0001,0.0001,0.0001,4,"Topic 4: gonna, partner, business",0.0001,0.0001,0.0001,0.0001,0.7655,0.234,0.0001,0.0001,0.0001,0.0001
S02E13,2,13,0.0001,0.0001,0.0001,0.0001,0.7571,0.2424,0.0001,0.0001,0.0001,0.0001,4,"Topic 4: gonna, partner, business",0.0001,0.0001,0.0001,0.0001,0.7822,0.2173,0.0001,0.0001,0.0001,0.0001
S02E14,2,14,0.0001,0.0001,0.0001,0.0001,0.8023,0.1972,0.0001,0.0001,0.0001,0.0001,4,"Topic 4: gonna, partner, business",0.0001,0.0001,0.0001,0.0001,0.7915,0.208,0.0001,0.0001,0.0001,0.0001
S02E15,2,15,0.0001,0.0001,0.0001,0.0001,0.8152,0.1843,0.0001,0.0001,0.0001,0.0001,4,"Topic 4: gonna, partner, business",0.0001,0.0001,0.0001,0.0001,0.8057,0.1924,0.0001,0.0014,0.0001,0.0001
S02E16,2,16,0.0001,0.0001,0.0001,0.0001,0.7997,0.1958,0.0001,0.0041,0.0001,0.0001,4,"Topic 4: gonna, partner, business",0.0001,0.0001,0.0001,0.0001,0.7931,0.1919,0.0001,0.0147,0.0001,0.0001
S03E01,3,1,0.0001,0.0001,0.0001,0.0001,0.7643,0.1955,0.0001,0.0398,0.0001,0.0001,4,"Topic 4: gonna, partner, business",0.0001,0.0001,0.0001,0.0001,0.7607,0.1999,0.0001,0.039,0.0001,0.0001
S03E02,3,2,0.0001,0.0001,0.0001,0.0001,0.718,0.2085,0.0001,0.0731,0.0001,0.0001,4,"Topic 4: gonna, partner, business",0.0001,0.0001,0.0001,0.0001,0.715,0.2113,0.0001,0.0733,0.0001,0.0001
S03E03,3,3,0.0001,0.0001,0.0001,0.0001,0.6627,0.23,0.0001,0.1069,0.0001,0.0001,4,"Topic 4: gonna, partner, business",0.0001,0.0001,0.0001,0.0001,0.6436,0.226,0.0001,0.1299,0.0001,0.0001
S03E04,3,4,0.0001,0.0001,0.0001,0.0001,0.5502,0.2395,0.0001,0.2098,0.0001,0.0001,4,"Topic 4: gonna, partner, business",0.0001,0.0001,0.0001,0.0001,0.6201,0.2355,0.0001,0.144,0.0001,0.0001
S03E05,3,5,0.0001,0.0001,0.0001,0.0001,0.6475,0.2369,0.0001,0.1152,0.0001,0.0001,4,"Topic 4: gonna, partner, business",0.0001,0.0001,0.0001,0.0001,0.641,0.2338,0.0001,0.1226,0.0001,0.0023
S03E06,3,6,0.0001,0.0001,0.0001,0.0001,0.7252,0.225,0.0001,0.0428,0.0001,0.0066,4,"Topic 4: gonna, partner, business",0.0001,0.0001,0.0001,0.0001,0.5885,0.2239,0.0001,0.185,0.0001,0.0023
S03E07,3,7,0.0001,0.0001,0.0001,0.0001,0.3928,0.2098,0.0001,0.3969,0.0001,0.0001,7,"Topic 7: ava, stephen, cameron",0.0001,0.0001,0.0001,0.0001,0.4763,0.2634,0.0001,0.2577,0.0001,0.0023
S03E08,3,8,0.0001,0.0001,0.0001,0.0001,0.3109,0.3554,0.0001,0.3333,0.0001,0.0001,5,"Topic 5: gonna, samantha, faye",0.0001,0.0001,0.0001,0.0001,0.4807,0.2628,0.0001,0.2561,0.0001,0.0001
S03E09,3,9,0.0001,0.0001,0.0001,0.0001,0.7383,0.2231,0.0001,0.0382,0.0001,0.0001,4,"Topic 4: gonna, partner, business",0.0001,0.0001,0.0001,0.0001,0.5659,0.2849,0.0001,0.1488,0.0001,0.0001
S03E10,3,10,0.0001,0.0001,0.0001,0.0001,0.6485,0.2761,0.0001,0.075,0.0001,0.0001,4,"Topic 4: gonna, partner, business",0.0001,0.0001,0.0001,0.0001,0.7256,0.2362,0.0001,0.0378,0.0001,0.0001
S03E11,3,11,0.0001,0.0001,0.0001,0.0001,0.7901,0.2094,0.0001,0.0001,0.0001,0.0001,4,"Topic 4: gonna, partner, business",0.0001,0.0001,0.0001,0.0001,0.7458,0.2288,0.0001,0.0251,0.0001,0.0001
S03E12,3,12,0.0001,0.0001,0.0001,0.0001,0.7987,0.2008,0.0001,0.0001,0.0001,0.0001,4,"Topic 4: gonna, partner, business",0.0001,0.0001,0.0001,0.0001,0.8,0.1995,0.0001,0.0001,0.0001,0.0001
S03E13,3,13,0.0001,0.0001,0.0001,0.0001,0.8113,0.1882,0.0001,0.0001,0.0001,0.0001,4,"Topic 4: gonna, partner, business",0.0001,0.0001,0.0001,0.0001,0.8032,0.1963,0.0001,0.0001,0.0001,0.0001
S03E14,3,14,0.0001,0.0001,0.0001,0.0001,0.7997,0.1998,0.0001,0.0001,0.0001,0.0001,4,"Topic 4: gonna, partner, business",0.0001,0.0001,0.0001,0.0001,0.7914,0.2076,0.0001,0.0006,0.0001,0.0001
S03E15,3,15,0.0001,0.0001,0.0001,0.0001,0.7632,0.2348,0.0001,0.0015,0.0001,0.0001,4,"Topic 4: gonna, partner, business",0.0001,0.0001,0.0001,0.0001,0.7271,0.2599,0.0001,0.0126,0.0001,0.0001
S03E16,3,16,0.0001,0.0001,0.0001,0.0001,0.6183,0.3451,0.0001,0.0362,0.0001,0.0001,4,"Topic 4: gonna, partner, business",0.0001,0.0001,0.0001,0.0001,0.742,0.245,0.0001,0.0126,0.0001,0.0001
S04E01,4,1,0.0001,0.0001,0.0001,0.0001,0.8445,0.1551,0.0001,0.0001,0.0001,0.0001,4,"Topic 4: gonna, partner, business",0.0001,0.0001,0.0001,0.0001,0.7453,0.2422,0.0001,0.0121,0.0001,0.0001
S04E02,4,2,0.0001,0.0001,0.0001,0.0001,0.7731,0.2264,0.0001,0.0001,0.0001,0.0001,4,"Topic 4: gonna, partner, business",0.0001,0.0001,0.0001,0.0001,0.7959,0.2036,0.0001,0.0001,0.0001,0.0001
S04E03,4,3,0.0001,0.0001,0.0001,0.0001,0.7701,0.2293,0.0001,0.0001,0.0001,0.0001,4,"Topic 4: gonna, partner, business",0.0001,0.0001,0.0001,0.0001,0.7567,0.2428,0.0001,0.0001,0.0001,0.0001
S04E04,4,4,0.0001,0.0001,0.0001,0.0001,0.7268,0.2727,0.0001,0.0001,0.0001,0.0001,4,"Topic 4: gonna, partner, business",0.0001,0.0001,0.0001,0.0001,0.7599,0.2396,0.0001,0.0001,0.0001,0.0001
S04E05,4,5,0.0001,0.0001,0.0001,0.0001,0.7828,0.2167,0.0001,0.0001,0.0001,0.0001,4,"Topic 4: gonna, partner, business",0.0001,0.0001,0.0001,0.0001,0.7601,0.2394,0.0001,0.0001,0.0001,0.0001
S04E06,4,6,0.0001,0.0001,0.0001,0.0001,0.7708,0.2287,0.0001,0.0001,0.0001,0.0001,4,"Topic 4: gonna, partner, business",0.0001,0.0001,0.0001,0.0001,0.7534,0.246,0.0001,0.0001,0.0001,0.0001
S04E07,4,7,0.0001,0.0001,0.0001,0.0001,0.7067,0.2927,0.0001,0.0001,0.0001,0.0001,4,"Topic 4: gonna, partner, business",0.0001,0.0001,0.0001,0.0001,0.7235,0.2759,0.0001,0.0001,0.0001,0.0001
S04E08,4,8,0.0001,0.0001,0.0001,0.0001,0.6931,0.3063,0.0001,0.0001,0.0001,0.0001,4,"Topic 4: gonna, partner, business",0.0001,0.0001,0.0001,0.0001,0.6994,0.3001,0.0001,0.0001,0.0001,0.0001
S04E09,4,9,0.0001,0.0001,0.0001,0.0001,0.6984,0.3012,0.0001,0.0001,0.0001,0.0001,4,"Topic 4: gonna, partner, business",0.0001,0.0001,0.0001,0.0001,0.7067,0.2877,0.0001,0.0001,0.0001,0.0052
S04E10,4,10,0.0001,0.0001,0.0001,0.0001,0.7286,0.2555,0.0001,0.0001,0.0001,0.0155,4,"Topic 4: gonna, partner, business",0.0001,0.0001,0.0001,0.0001,0.7322,0.2622,0.0001,0.0001,0.0001,0.0052
S04E11,4,11,0.0001,0.0001,0.0001,0.0001,0.7696,0.2299,0.0001,0.0001,0.0001,0.0001,4,"Topic 4: gonna, partner, business",0.0001,0.0001,0.0001,0.0001,0.7682,0.2232,0.0001,0.0001,0.0001,0.0082
S04E12,4,12,0.0001,0.0001,0.0001,0.0001,0.8065,0.1842,0.0001,0.0001,0.0001,0.0089,4,"Topic 4: gonna, partner, business",0.0001,0.0001,0.0001,0.0001,0.7928,0.2038,0.0001,0.0001,0.0001,0.003
S04E13,4,13,0.0001,0.0001,0.0001,0.0001,0.8022,0.1973,0.0001,0.0001,0.0001,0.0001,4,"Topic 4: gonna, partner, business",0.0001,0.0001,0.0001,0.0001,0.6856,0.2203,0.0001,0.0001,0.0001,0.0937
S04E14,4,14,0.0001,0.0001,0.0001,0.0001,0.4481,0.2794,0.0001,0.0001,0.0001,0.2721,4,"Topic 4: gonna, partner, business",0.0001,0.0001,0.0001,0.0001,0.5957,0.2464,0.0001,0.0001,0.0001,0.1576
S04E15,4,15,0.0001,0.0001,0.0001,0.0001,0.5367,0.2624,0.0001,0.0001,0.0001,0.2005,4,"Topic 4: gonna, partner, business",0.0001,0.0001,0.0001,0.0001,0.5674,0.2747,0.0001,0.0001,0.0001,0.1576
S04E16,4,16,0.0001,0.0001,0.0001,0.0001,0.7173,0.2822,0.0001,0.0001,0.0001,0.0001,4,"Topic 4: gonna, partner, business",0.0001,0.0001,0.0001,0.0001,0.6548,0.2779,0.0001,0.0001,0.0001,0.0669
S05E01,5,1,0.0001,0.0001,0.0001,0.0001,0.7104,0.2891,0.0001,0.0001,0.0001,0.0001,4,"Topic 4: gonna, partner, business",0.0001,0.0001,0.0001,0.0001,0.7227,0.275,0.0001,0.0001,0.0001,0.0019
S05E02,5,2,0.0001,0.0001,0.0001,0.0001,0.7404,0.2538,0.0001,0.0001,0.0001,0.0054,4,"Topic 4: gonna, partner, business",0.0001,0.0001,0.0001,0.0001,0.7226,0.2745,0.0001,0.0001,0.0001,0.0025
S05E03,5,3,0.0001,0.0001,0.0001,0.0001,0.7169,0.2806,0.0001,0.0001,0.0001,0.0021,4,"Topic 4: gonna, partner, business",0.0001,0.0001,0.0001,0.0001,0.6663,0.3017,0.0001,0.0001,0.0001,0.0316
S05E04,5,4,0.0001,0.0001,0.0001,0.0001,0.5416,0.3708,0.0001,0.0001,0.0001,0.0872,4,"Topic 4: gonna, partner, business",0.0001,0.0001,0.0001,0.0001,0.6588,0.311,0.0001,0.0001,0.0001,0.0298
S05E05,5,5,0.0001,0.0001,0.0001,0.0001,0.718,0.2816,0.0001,0.0001,0.0001,0.0001,4,"Topic 4: gonna, partner, business",0.0001,0.0001,0.0001,0.0001,0.6762,0.2943,0.0001,0.0001,0.0001,0.0291
S05E06,5,6,0.0001,0.0001,0.0001,0.0001,0.7689,0.2306,0.0001,0.0001,0.0001,0.0001,4,"Topic 4: gonna, partner, business",0.0001,0.0001,0.0001,0.0001,0.7218,0.2778,0.0001,0.0001,0.0001,0.0001
S05E07,5,7,0.0001,0.0001,0.0001,0.0001,0.6785,0.3211,0.0001,0.0001,0.0001,0.0001,4,"Topic 4: gonna, partner, business",0.0001,0.0001,0.0001,0.0039,0.7381,0.2576,0.0001,0.0001,0.0001,0.0001
S05E08,5,8,0.0001,0.0001,0.0001,0.0116,0.7668,0.2211,0.0001,0.0001,0.0001,0.0001,4,"Topic 4: gonna, partner, business",0.0001,0.0001,0.0001,0.0039,0.7383,0.2574,0.0001,0.0001,0.0001,0.0001
S05E09,5,9,0.0001,0.0001,0.0001,0.0001,0.7695,0.2301,0.0001,0.0001,0.0001,0.0001,4,"Topic 4: gonna, partner, business",0.0001,0.0001,0.0001,0.0039,0.6944,0.2469,0.0001,0.0001,0.0001,0.0545
S05E10,5,10,0.0001,0.0001,0.0001,0.0001,0.5469,0.2894,0.0001,0.0001,0.0001,0.1633,4,"Topic 4: gonna, partner, business",0.0001,0.0001,0.0001,0.0001,0.5955,0.3041,0.0001,0.0001,0.0001,0.1
S05E11,5,11,0.0001,0.0001,0.0001,0.0001,0.4701,0.3927,0.0001,0.0001,0.0001,0.1367,4,"Topic 4: gonna, partner, business",0.0001,0.0001,0.0001,0.0001,0.554,0.3455,0.0001,0.0001,0.0001,0.1
S05E12,5,12,0.0001,0.0001,0.0001,0.0001,0.6451,0.3545,0.0001,0.0001,0.0001,0.0001,4,"Topic 4: gonna, partner, business",0.0001,0.0001,0.0001,0.0566,0.5506,0.3468,0.0001,0.0001,0.0001,0.0456
S05E13,5,13,0.0001,0.0001,0.0001,0.1697,0.5367,0.2933,0.0001,0.0001,0.0001,0.0001,4,"Topic 4: gonna, partner, business",0.0001,0.0001,0.0001,0.1086,0.5293,0.3617,0.0001,0.0001,0.0001,0.0001
S05E14,5,14,0.0001,0.0001,0.0001,0.1561,0.4062,0.4373,0.0001,0.0001,0.0001,0.0001,5,"Topic 5: gonna, samantha, faye",0.0001,0.0001,0.0001,0.161,0.4504,0.3883,0.0001,0.0001,0.0001,0.0001
S05E15,5,15,0.0001,0.0001,0.0001,0.1573,0.4082,0.4342,0.0001,0.0001,0.0001,0.0001,5,"Topic 5: gonna, samantha, faye",0.0001,0.0001,0.0001,0.1045,0.4009,0.4128,0.0001,0.0001,0.0001,0.0816
S05E16,5,16,0.0001,0.0001,0.0001,0.0001,0.3883,0.3668,0.0001,0.0001,0.0001,0.2445,4,"Topic 4: gonna, partner, business",0.0001,0.0001,0.0001,0.0525,0.4236,0.3948,0.0001,0.0001,0.0001,0.1289
S06E01,6,1,0.0001,0.0001,0.0001,0.0001,0.4743,0.3833,0.0001,0.0001,0.0001,0.142,4,"Topic 4: gonna, partner, business",0.0001,0.0001,0.0001,0.0001,0.4442,0.3655,0.0001,0.0001,0.0001,0.1899
S06E02,6,2,0.0001,0.0001,0.0001,0.0001,0.4699,0.3465,0.0001,0.0001,0.0001,0.1833,4,"Topic 4: gonna, partner, business",0.0001,0.0001,0.0001,0.0001,0.4829,0.3577,0.0001,0.0001,0.0001,0.1591
S06E03,6,3,0.0001,0.0001,0.0001,0.0001,0.5045,0.3433,0.0001,0.0001,0.0001,0.1519,4,"Topic 4: gonna, partner, business",0.0001,0.0001,0.0001,0.0001,0.5229,0.3477,0.0001,0.0001,0.0001,0.1291
S06E04,6,4,0.0001,0.0001,0.0001,0.0001,0.5942,0.3534,0.0001,0.0001,0.0001,0.052,4,"Topic 4: gonna, partner, business",0.0001,0.0001,0.0001,0.0001,0.5615,0.3702,0.0001,0.0001,0.0001,0.068
S06E05,6,5,0.0001,0.0001,0.0001,0.0001,0.5857,0.4139,0.0001,0.0001,0.0001,0.0001,4,"Topic 4: gonna, partner, business",0.0001,0.0001,0.0001,0.0001,0.6123,0.37,0.0001,0.0001,0.0001,0.0174
S06E06,6,6,0.0001,0.0001,0.0001,0.0001,0.6569,0.3427,0.0001,0.0001,0.0001,0.0001,4,"Topic 4: gonna, partner, business",0.0001,0.0001,0.0001,0.0001,0.6384,0.3611,0.0001,0.0001,0.0001,0.0001
S06E07,6,7,0.0001,0.0001,0.0001,0.0001,0.6727,0.3268,0.0001,0.0001,0.0001,0.0001,4,"Topic 4: gonna, partner, business",0.0001,0.0001,0.0001,0.0001,0.6633,0.3363,0.0001,0.0001,0.0001,0.0001
S06E08,6,8,0.0001,0.0001,0.0001,0.0001,0.6603,0.3393,0.0001,0.0001,0.0001,0.0001,4,"Topic 4: gonna, partner, business",0.0001,0.0001,0.0001,0.0001,0.6511,0.3484,0.0001,0.0001,0.0001,0.0001
S06E09,6,9,0.0001,0.0001,0.0001,0.0001,0.6204,0.3792,0.0001,0.0001,0.0001,0.0001,4,"Topic 4: gonna, partner, business",0.0001,0.0001,0.0001,0.0001,0.6527,0.3469,0.0001,0.0001,0.0001,0.0001
S06E10,6,10,0.0001,0.0001,0.0001,0.0001,0.6774,0.3222,0.0001,0.0001,0.0001,0.0001,4,"Topic 4: gonna, partner, business",0.0001,0.0001,0.0001,0.0001,0.4795,0.3379,0.0001,0.0001,0.0001,0.1823
S06E11,6,11,0.0001,0.0001,0.0001,0.0001,0.1408,0.3122,0.0001,0.0001,0.0001,0.5466,9,"Topic 9: gonna, oliver, nathan",0.0001,0.0001,0.0001,0.0001,0.3253,0.3221,0.0001,0.0001,0.0001,0.3523
S06E12,6,12,0.0001,0.0001,0.0001,0.0001,0.1577,0.3318,0.0001,0.0001,0.0001,0.5101,9,"Topic 9: gonna, oliver, nathan",0.0001,0.0001,0.0001,0.0001,0.1498,0.3362,0.0001,0.0001,0.0001,0.5136
S06E13,6,13,0.0001,0.0001,0.0001,0.0001,0.151,0.3645,0.0001,0.0001,0.0001,0.4841,9,"Topic 9: gonna, oliver, nathan",0.0001,0.0001,0.0001,0.0001,0.1887,0.348,0.0001,0.0001,0.0001,0.4629
S06E14,6,14,0.0001,0.0001,0.0001,0.0001,0.2573,0.3477,0.0001,0.0001,0.0001,0.3946,9,"Topic 9: gonna, oliver, nathan",0.0001,0.0001,0.0001,0.0001,0.3354,0.3298,0.0001,0.0001,0.0001,0.3344
S06E15,6,15,0.0001,0.0001,0.0001,0.0001,0.5978,0.2773,0.0001,0.0001,0.0001,0.1245,4,"Topic 4: gonna, partner, business",0.0001,0.0001,0.0001,0.0001,0.4356,0.3144,0.0001,0.0001,0.0001,0.2496
S06E16,6,16,0.0001,0.0001,0.0001,0.0001,0.4516,0.3183,0.0001,0.0001,0.0001,0.2298,4,"Topic 4: gonna, partner, business",0.0001,0.0001,0.0001,0.0186,0.5553,0.2995,0.0001,0.0001,0.0001,0.1263
S07E01,7,1,0.0001,0.0001,0.0001,0.0556,0.6166,0.303,0.0001,0.0001,0.0001,0.0246,4,"Topic 4: gonna, partner, business",0.0001,0.0001,0.0001,0.0186,0.5786,0.304,0.0001,0.0001,0.0001,0.0986
S07E02,7,2,0.0001,0.0001,0.0001,0.0001,0.6677,0.2906,0.0001,0.0001,0.0001,0.0413,4,"Topic 4: gonna, partner, business",0.0001,0.0001,0.0001,0.0276,0.6294,0.2991,0.0001,0.0001,0.0001,0.0437
S07E03,7,3,0.0001,0.0001,0.0001,0.0271,0.6038,0.3036,0.0001,0.0001,0.0001,0.0652,4,"Topic 4: gonna, partner, business",0.0001,0.0001,0.0001,0.0257,0.6081,0.311,0.0001,0.0001,0.0001,0.0549
S07E04,7,4,0.0001,0.0001,0.0001,0.05,0.5527,0.3387,0.0001,0.0001,0.0001,0.0582,4,"Topic 4: gonna, partner, business",0.0001,0.0001,0.0001,0.0257,0.4634,0.3166,0.0001,0.0001,0.0001,0.1939
S07E05,7,5,0.0001,0.0001,0.0001,0.0001,0.2338,0.3076,0.0001,0.0001,0.0001,0.4582,9,"Topic 9: gonna, oliver, nathan",0.0001,0.0001,0.0001,0.0829,0.386,0.3472,0.0001,0.0007,0.0001,0.1829
S07E06,7,6,0.0001,0.0001,0.0001,0.1987,0.3715,0.3954,0.0001,0.0018,0.0001,0.0324,5,"Topic 5: gonna, samantha, faye",0.0001,0.0001,0.0001,0.2097,0.285,0.3409,0.0001,0.0007,0.0001,0.1636
S07E07,7,7,0.0001,0.0001,0.0001,0.4302,0.2497,0.3197,0.0001,0.0001,0.0001,0.0001,3,"Topic 3: gonna, gibbs, bratton",0.0001,0.0001,0.0001,0.3631,0.2153,0.4098,0.0001,0.0007,0.0001,0.0109
S07E08,7,8,0.0001,0.0001,0.0001,0.4604,0.0248,0.5144,0.0001,0.0001,0.0001,0.0001,5,"Topic 5: gonna, samantha, faye",0.0001,0.0001,0.0001,0.2969,0.3101,0.3927,0.0001,0.0001,0.0001,0.0001
S07E09,7,9,0.0,0.0,0.0,0.0,0.6557,0.3439,0.0,0.0,0.0,0.0,4,"Topic 4: gonna, partner, business",0.0001,0.0001,0.0001,0.1569,0.4108,0.4067,0.0001,0.0001,0.0001,0.0252
S07E10,7,10,0.0001,0.0001,0.0001,0.0104,0.552,0.3617,0.0001,0.0001,0.0001,0.0756,4,"Topic 4: gonna, partner, business",0.0001,0.0001,0.0001,0.0084,0.6273,0.3361,0.0001,0.0001,0.0001,0.0277
S07E11,7,11,0.0001,0.0001,0.0001,0.0149,0.6743,0.3028,0.0001,0.0001,0.0001,0.0076,4,"Topic 4: gonna, partner, business",0.0001,0.0001,0.0001,0.0085,0.6309,0.3149,0.0001,0.0001,0.0001,0.0453
S07E12,7,12,0.0001,0.0001,0.0001,0.0001,0.6665,0.2802,0.0001,0.0001,0.0001,0.0528,4,"Topic 4: gonna, partner, business",0.0001,0.0001,0.0001,0.0534,0.6265,0.2996,0.0001,0.0001,0.0001,0.0202
S07E13,7,13,0.0001,0.0001,0.0001,0.1451,0.5386,0.3159,0.0001,0.0001,0.0001,0.0001,4,"Topic 4: gonna, partner, business",0.0023,0.0001,0.0001,0.0484,0.6099,0.3007,0.0001,0.0001,0.0001,0.0384
S07E14,7,14,0.0067,0.0001,0.0001,0.0001,0.6245,0.3061,0.0001,0.0001,0.0001,0.0624,4,"Topic 4: gonna, partner, business",0.0023,0.0001,0.0001,0.0484,0.5041,0.3001,0.0001,0.0001,0.0001,0.1448
S07E15,7,15,0.0001,0.0001,0.0001,0.0001,0.3493,0.2784,0.0001,0.0001,0.0001,0.3719,9,"Topic 9: gonna, oliver, nathan",0.0023,0.0001,0.0001,0.0001,0.4459,0.3116,0.0001,0.0001,0.0001,0.2399
S07E16,7,16,0.0,0.0,0.0,0.0,0.364,0.3502,0.0,0.0,0.0,0.2854,4,"Topic 4: gonna, partner, business",0.0001,0.0001,0.0001,0.0001,0.4315,0.3435,0.0001,0.0001,0.0001,0.2246
S08E01,8,1,0.0001,0.0001,0.0001,0.0001,0.5812,0.4019,0.0001,0.0001,0.0001,0.0165,4,"Topic 4: gonna, partner, business",0.0001,0.0001,0.0001,0.0001,0.4966,0.3585,0.0001,0.0001,0.0001,0.1445
S08E02,8,2,0.0001,0.0001,0.0001,0.0001,0.5447,0.3234,0.0001,0.0001,0.0001,0.1315,4,"Topic 4: gonna, partner, business",0.0001,0.0001,0.0001,0.0001,0.4747,0.393,0.0001,0.0001,0.0001,0.1319
S08E03,8,3,0.0001,0.0001,0.0001,0.0001,0.2983,0.4536,0.0001,0.0001,0.0001,0.2477,5,"Topic 5: gonna, samantha, faye",0.0001,0.0001,0.0001,0.0001,0.4964,0.3727,0.0001,0.0001,0.0001,0.1306
S08E04,8,4,0.0001,0.0001,0.0001,0.0001,0.6461,0.341,0.0001,0.0001,0.0001,0.0125,4,"Topic 4: gonna, partner, business",0.0001,0.0001,0.0001,0.0001,0.3933,0.4084,0.0001,0.0001,0.0001,0.1979
S08E05,8,5,0.0001,0.0001,0.0001,0.0001,0.2354,0.4306,0.0001,0.0001,0.0001,0.3336,5,"Topic 5: gonna, samantha, faye",0.0001,0.0001,0.0001,0.0001,0.5047,0.3795,0.0001,0.0001,0.0001,0.1154
S08E06,8,6,0.0001,0.0001,0.0001,0.0001,0.6327,0.3668,0.0001,0.0001,0.0001,0.0001,4,"Topic 4: gonna, partner, business",0.0001,0.0001,0.0001,0.0001,0.3974,0.398,0.0001,0.0001,0.0001,0.2042
S08E07,8,7,0.0001,0.0001,0.0001,0.0001,0.3242,0.3965,0.0001,0.0001,0.0001,0.279,5,"Topic 5: gonna, samantha, faye",0.0001,0.0001,0.0001,0.0001,0.5291,0.3775,0.0001,0.0001,0.0001,0.0931
S08E08,8,8,0.0001,0.0001,0.0001,0.0001,0.6303,0.3693,0.0001,0.0001,0.0001,0.0001,4,"Topic 4: gonna, partner, business",0.0001,0.0001,0.0001,0.0733,0.4359,0.3975,0.0001,0.0001,0.0001,0.0931
S08E09,8,9,0.0001,0.0001,0.0001,0.2196,0.3533,0.4268,0.0001,0.0001,0.0001,0.0001,5,"Topic 5: gonna, samantha, faye",0.0001,0.0001,0.0001,0.0732,0.4798,0.438,0.0001,0.0001,0.0001,0.0087
S08E10,8,10,0.0,0.0,0.0,0.0,0.4559,0.5178,0.0,0.0,0.0,0.026,5,"Topic 5: gonna, samantha, faye",0.0,0.0,0.0,0.0732,0.4758,0.442,0.0,0.0,0.0,0.0087
S08E11,8,11,0.0,0.0,0.0,0.0,0.6183,0.3813,0.0,0.0,0.0,0.0,4,"Topic 4: gonna, partner, business",0.0,0.0,0.0,0.0123,0.5706,0.4081,0.0,0.0,0.0,0.0087
S08E12,8,12,0.0001,0.0001,0.0001,0.0369,0.6375,0.3252,0.0001,0.0001,0.0001,0.0001,4,"Topic 4: gonna, partner, business",0.0001,0.0001,0.0001,0.0123,0.612,0.3753,0.0001,0.0001,0.0001,0.0001
S08E13,8,13,0.0001,0.0001,0.0001,0.0001,0.5801,0.4194,0.0001,0.0001,0.0001,0.0001,4,"Topic 4: gonna, partner, business",0.0001,0.0001,0.0001,0.0123,0.6104,0.3769,0.0001,0.0001,0.0001,0.0001
S08E14,8,14,0.0,0.0,0.0,0.0,0.6135,0.3861,0.0,0.0,0.0,0.0,4,"Topic 4: gonna, partner, business",0.0001,0.0001,0.0001,0.0001,0.6241,0.3754,0.0001,0.0001,0.0001,0.0001
S08E15,8,15,0.0001,0.0001,0.0001,0.0001,0.6788,0.3207,0.0001,0.0001,0.0001,0.0001,4,"Topic 4: gonna, partner, business",0.0001,0.0001,0.0001,0.0001,0.6516,0.3479,0.0001,0.0001,0.0001,0.0001
S08E16,8,16,0.0001,0.0001,0.0001,0.0001,0.6626,0.3369,0.0001,0.0001,0.0001,0.0001,4,"Topic 4: gonna, partner, business",0.0001,0.0001,0.0001,0.0298,0.5967,0.3731,0.0001,0.0001,0.0001,0.0001
S09E01,9,1,0.0001,0.0001,0.0001,0.0892,0.4487,0.4617,0.0001,0.0001,0.0001,0.0001,5,"Topic 5: gonna, samantha, faye",0.0001,0.0001,0.0001,0.0434,0.5353,0.4209,0.0001,0.0001,0.0001,0.0001
S09E02,9,2,0.0001,0.0001,0.0001,0.041,0.4947,0.464,0.0001,0.0001,0.0001,0.0001,4,"Topic 4: gonna, partner, business",0.0001,0.0001,0.0001,0.0496,0.4811,0.4689,0.0001,0.0001,0.0001,0.0001
S09E03,9,3,0.0001,0.0001,0.0001,0.0186,0.4999,0.4811,0.0001,0.0001,0.0001,0.0001,4,"Topic 4: gonna, partner, business",0.0001,0.0001,0.0001,0.0629,0.4689,0.4679,0.0001,0.0001,0.0001,0.0001
S09E04,9,4,0.0001,0.0001,0.0001,0.129,0.4121,0.4585,0.0001,0.0001,0.0001,0.0001,5,"Topic 5: gonna, samantha, faye",0.0001,0.0001,0.0001,0.0492,0.304,0.6464,0.0001,0.0001,0.0001,0.0001
S09E05,9,5,0.0001,0.0001,0.0001,0.0001,0.0001,0.9995,0.0001,0.0001,0.0001,0.0001,5,"Topic 5: gonna, samantha, faye",0.0001,0.0001,0.0001,0.0431,0.1374,0.8192,0.0001,0.0001,0.0001,0.0001
S09E06,9,6,0.0001,0.0001,0.0001,0.0001,0.0001,0.9995,0.0001,0.0001,0.0001,0.0001,5,"Topic 5: gonna, samantha, faye",0.0001,0.0001,0.0001,0.0001,0.0001,0.9995,0.0001,0.0001,0.0001,0.0001
S09E07,9,7,0.0001,0.0001,0.0001,0.0001,0.0001,0.9994,0.0001,0.0001,0.0001,0.0001,5,"Topic 5: gonna, samantha, faye",0.0001,0.0001,0.0001,0.0001,0.0001,0.9995,0.0001,0.0001,0.0001,0.0001
S09E08,9,8,0.0,0.0,0.0,0.0,0.0,0.9996,0.0,0.0,0.0,0.0,5,"Topic 5: gonna, samantha, faye",0.0001,0.0001,0.0001,0.0001,0.0001,0.9995,0.0001,0.0001,0.0001,0.0001
S09E09,9,9,0.0001,0.0001,0.0001,0.0001,0.0001,0.9995,0.0001,0.0001,0.0001,0.0001,5,"Topic 5: gonna, samantha, faye",0.0001,0.0001,0.0001,0.0001,0.0001,0.9995,0.0001,0.0001,0.0001,0.0001
S09E10,9,10,0.0001,0.0001,0.0001,0.0001,0.0001,0.9995,0.0001,0.0001,0.0001,0.0001,5,"Topic 5: gonna, samantha, faye",0.0001,0.0001,0.0001,0.0001,0.0001,0.9995,0.0001,0.0001,0.0001,0.0001
